Station Name,TORONTO CITY CENTRE,,,,,,,,,,,,,,,,,,,,,,,
Province,ONTARIO,,,,,,,,,,,,,,,,,,,,,,,
Latitude,43.63,,,,,,,,,,,,,,,,,,,,,,,
Longitude,-79.4,,,,,,,,,,,,,,,,,,,,,,,
Elevation,76.8,,,,,,,,,,,,,,,,,,,,,,,
Climate Identifier,6158359,,,,,,,,,,,,,,,,,,,,,,,
WMO Identifier,71265,,,,,,,,,,,,,,,,,,,,,,,
TC Identifier,YTZ,,,,,,,,,,,,,,,,,,,,,,,
All times are specified in Local Standard Time (LST). Add 1 hour to adjust for Daylight Saving Time where and when it is observed.,,,,,,,,,,,,,,,,,,,,,,,,
,,,,,,,,,,,,,,,,,,,,,,,,
Legend,,,,,,,,,,,,,,,,,,,,,,,,
E,Estimated,,,,,,,,,,,,,,,,,,,,,,,
M,Missing,,,,,,,,,,,,,,,,,,,,,,,
NA,Not Available,,,,,,,,,,,,,,,,,,,,,,,
â¡,Partner data that is not subject to review by the National Climate Archives,,,,,,,,,,,,,,,,,,,,,,,
,,,,,,,,,,,,,,,,,,,,,,,,
Date/Time,Year,Month,Day,Time,Data Quality,Temp (Â°C),Temp Flag,Dew Point Temp (Â°C),Dew Point Temp Flag,Rel Hum (%),Rel Hum Flag,Wind Dir (10s deg),Wind Dir Flag,Wind Spd (km/h),Wind Spd Flag,Visibility (km),Visibility Flag,Stn Press (kPa),Stn Press Flag,Hmdx,Hmdx Flag,Wind Chill,Wind Chill Flag,Weather
1/2/2017 0:00,2017,2,1,0:00,â¡,-2.6,,-3.6,,93,,29,,5,,3.2,,99.69,,,,-5,,Snow
1/2/2017 1:00,2017,2,1,1:00,â¡,-2.9,,-3.9,,93,,28,,11,,4.8,,99.73,,,,-7,,Snow
1/2/2017 2:00,2017,2,1,2:00,â¡,-2.7,,-3.8,,92,,27,,9,,4.8,,99.78,,,,-6,,Snow
1/2/2017 3:00,2017,2,1,3:00,â¡,-1.6,,-3,,90,,26,,18,,14.5,,99.83,,,,-7,,NA
1/2/2017 4:00,2017,2,1,4:00,â¡,-0.4,,-3.8,,78,,24,,35,,16.1,,99.84,,,,-7,,NA
1/2/2017 5:00,2017,2,1,5:00,â¡,-0.3,,-3.6,,78,,24,,39,,16.1,,99.87,,,,-8,,NA
1/2/2017 6:00,2017,2,1,6:00,â¡,-0.1,,-3,,81,,23,,32,,16.1,,99.89,,,,-7,,NA
1/2/2017 7:00,2017,2,1,7:00,â¡,0.2,,-3.5,,76,,25,,30,,16.1,,99.97,,,,,,NA
1/2/2017 8:00,2017,2,1,8:00,â¡,0.1,,-3.8,,75,,25,,32,,16.1,,100.04,,,,,,Rain
1/2/2017 9:00,2017,2,1,9:00,â¡,0.4,,-3.6,,75,,25,,30,,16.1,,100.08,,,,,,NA
1/2/2017 10:00,2017,2,1,10:00,â¡,1.1,,-3.5,,72,,25,,28,,16.1,,100.15,,,,,,NA
1/2/2017 11:00,2017,2,1,11:00,â¡,1.7,,-3.2,,70,,26,,28,,16.1,,100.21,,,,,,NA
1/2/2017 12:00,2017,2,1,12:00,â¡,2.3,,-3.8,,64,,26,,34,,16.1,,100.23,,,,,,NA
1/2/2017 13:00,2017,2,1,13:00,â¡,2.9,,-6.4,,51,,27,,35,,16.1,,100.23,,,,,,NA
1/2/2017 14:00,2017,2,1,14:00,â¡,2.4,,-8.6,,44,,28,,35,,16.1,,100.24,,,,,,NA
1/2/2017 15:00,2017,2,1,15:00,â¡,3,,-7,,48,,27,,26,,16.1,,100.33,,,,,,NA
1/2/2017 16:00,2017,2,1,16:00,â¡,2.6,,-6.6,,51,,27,,24,,16.1,,100.39,,,,,,NA
1/2/2017 17:00,2017,2,1,17:00,â¡,1.7,,-6.9,,53,,25,,39,,16.1,,100.48,,,,,,NA
1/2/2017 18:00,2017,2,1,18:00,â¡,1.7,,-6.4,,55,,25,,35,,16.1,,100.56,,,,,,NA
1/2/2017 19:00,2017,2,1,19:00,â¡,1.5,,-5.4,,60,,25,,32,,16.1,,100.61,,,,,,NA
1/2/2017 20:00,2017,2,1,20:00,â¡,-0.2,,-4.1,,75,,30,,21,,16.1,,100.67,,,,-6,,NA
1/2/2017 21:00,2017,2,1,21:00,â¡,-0.6,,-4.3,,76,,30,,22,,16.1,,100.65,,,,-6,,Snow
1/2/2017 22:00,2017,2,1,22:00,â¡,-0.6,,-3.8,,79,,27,,15,,16.1,,100.65,,,,-5,,NA
1/2/2017 23:00,2017,2,1,23:00,â¡,-0.9,,-5.1,,73,,30,,21,,16.1,,100.67,,,,-7,,Snow
2/2/2017 0:00,2017,2,2,0:00,â¡,-1.2,,-5.4,,73,,30,,17,,16.1,,100.67,,,,-6,,Snow
2/2/2017 1:00,2017,2,2,1:00,â¡,-1.5,,-6.9,,67,,30,,18,,16.1,,100.69,,,,-7,,NA
2/2/2017 2:00,2017,2,2,2:00,â¡,-2.2,,-9.2,,59,,30,,24,,16.1,,100.72,,,,-9,,NA
2/2/2017 3:00,2017,2,2,3:00,â¡,-2.5,,-9.2,,60,,30,,22,,16.1,,100.76,,,,-9,,NA
2/2/2017 4:00,2017,2,2,4:00,â¡,-2.9,,-8.9,,64,,29,,15,,16.1,,100.79,,,,-8,,NA
2/2/2017 5:00,2017,2,2,5:00,â¡,-3.1,,-8.8,,65,,29,,13,,16.1,,100.82,,,,-8,,NA
2/2/2017 6:00,2017,2,2,6:00,â¡,-3.4,,-8.7,,67,,28,,9,,16.1,,100.83,,,,-7,,NA
2/2/2017 7:00,2017,2,2,7:00,â¡,-3.7,,-10.4,,60,,29,,26,,16.1,,100.9,,,,-11,,NA
2/2/2017 8:00,2017,2,2,8:00,â¡,-3.5,,-9.9,,62,,29,,22,,16.1,,100.96,,,,-10,,NA
2/2/2017 9:00,2017,2,2,9:00,â¡,-2.3,,-10.7,,53,,27,,30,,16.1,,100.97,,,,-9,,NA
2/2/2017 10:00,2017,2,2,10:00,â¡,-2.6,,-11.2,,52,,27,,32,,16.1,,101,,,,-10,,NA
2/2/2017 11:00,2017,2,2,11:00,â¡,-2.1,,-12.3,,46,,28,,43,,16.1,,101.01,,,,-10,,NA
2/2/2017 12:00,2017,2,2,12:00,â¡,-2.1,,-11.6,,48,,28,,32,,16.1,,101.03,,,,-9,,NA
2/2/2017 13:00,2017,2,2,13:00,â¡,-3,,-13.1,,46,,28,,39,,16.1,,101.04,,,,-11,,NA
2/2/2017 14:00,2017,2,2,14:00,â¡,-3.3,,-13.6,,45,,29,,32,,16.1,,101.03,,,,-11,,NA
2/2/2017 15:00,2017,2,2,15:00,â¡,-3.7,,-12.9,,49,,27,,34,,16.1,,101.12,,,,-12,,Snow
2/2/2017 16:00,2017,2,2,16:00,â¡,-4.2,,-12.1,,54,,27,,37,,16.1,,101.18,,,,-13,,Snow
2/2/2017 17:00,2017,2,2,17:00,â¡,-4.5,,-13,,52,,27,,32,,16.1,,101.27,,,,-13,,NA
2/2/2017 18:00,2017,2,2,18:00,â¡,-4.8,,-12.6,,55,,26,,43,,16.1,,101.33,,,,-14,,NA
2/2/2017 19:00,2017,2,2,19:00,â¡,-4.8,,-12,,57,,25,,37,,16.1,,101.37,,,,-14,,NA
2/2/2017 20:00,2017,2,2,20:00,â¡,-5.1,,-12.4,,57,,26,,32,,16.1,,101.36,,,,-13,,NA
2/2/2017 21:00,2017,2,2,21:00,â¡,-5,,-12.2,,58,,26,,30,,16.1,,101.39,,,,-13,,Snow
2/2/2017 22:00,2017,2,2,22:00,â¡,-4.9,,-12,,58,,26,,35,,16.1,,101.38,,,,-13,,Snow
2/2/2017 23:00,2017,2,2,23:00,â¡,-5.1,,-12.1,,58,,27,,32,,16.1,,101.33,,,,-13,,Snow
3/2/2017 0:00,2017,2,3,0:00,â¡,-5.3,,-12.6,,57,,28,,32,,16.1,,101.3,,,,-14,,Snow
3/2/2017 1:00,2017,2,3,1:00,â¡,-5.7,,-12.3,,60,,28,,24,,16.1,,101.26,,,,-13,,Snow
3/2/2017 2:00,2017,2,3,2:00,â¡,-6,,-13.4,,56,,29,,30,,16.1,,101.27,,,,-14,,NA
3/2/2017 3:00,2017,2,3,3:00,â¡,-6.6,,-12.9,,61,,27,,30,,16.1,,101.31,,,,-15,,NA
3/2/2017 4:00,2017,2,3,4:00,â¡,-6.7,,-12.6,,63,,25,,26,,16.1,,101.29,,,,-15,,NA
3/2/2017 5:00,2017,2,3,5:00,â¡,-6.9,,-13,,62,,26,,30,,16.1,,101.28,,,,-15,,NA
3/2/2017 6:00,2017,2,3,6:00,â¡,-7.2,,-12.7,,65,,25,,26,,16.1,,101.27,,,,-15,,NA
3/2/2017 7:00,2017,2,3,7:00,â¡,-7,,-11.4,,71,,24,,39,,16.1,,101.28,,,,-17,,NA
3/2/2017 8:00,2017,2,3,8:00,â¡,-6.9,,-11.1,,72,,25,,41,,16.1,,101.34,,,,-17,,NA
3/2/2017 9:00,2017,2,3,9:00,â¡,-6.4,,-11,,70,,24,,34,,16.1,,101.34,,,,-15,,NA
3/2/2017 10:00,2017,2,3,10:00,â¡,-6,,-11.2,,67,,25,,32,,16.1,,101.37,,,,-15,,NA
3/2/2017 11:00,2017,2,3,11:00,â¡,-5.1,,-11.1,,63,,25,,30,,16.1,,101.33,,,,-13,,NA
3/2/2017 12:00,2017,2,3,12:00,â¡,-4.4,,-13.3,,50,,25,,35,,16.1,,101.26,,,,-13,,NA
3/2/2017 13:00,2017,2,3,13:00,â¡,-4,,-13.2,,49,,26,,37,,16.1,,101.22,,,,-12,,NA
3/2/2017 14:00,2017,2,3,14:00,â¡,-4.3,,-14.5,,45,,27,,34,,16.1,,101.21,,,,-13,,NA
3/2/2017 15:00,2017,2,3,15:00,â¡,-4.1,,-13.6,,48,,27,,32,,16.1,,101.23,,,,-12,,NA
3/2/2017 16:00,2017,2,3,16:00,â¡,-4.8,,-13.3,,52,,27,,37,,16.1,,101.27,,,,-14,,NA
3/2/2017 17:00,2017,2,3,17:00,â¡,-5.4,,-11,,65,,26,,32,,16.1,,101.35,,,,-14,,Snow
3/2/2017 18:00,2017,2,3,18:00,â¡,-6,,-11,,68,,26,,34,,16.1,,101.41,,,,-15,,NA
3/2/2017 19:00,2017,2,3,19:00,â¡,-6.7,,-11.3,,70,,26,,35,,16.1,,101.49,,,,-16,,NA
3/2/2017 20:00,2017,2,3,20:00,â¡,-6.7,,-10.9,,72,,25,,35,,16.1,,101.52,,,,-16,,NA
3/2/2017 21:00,2017,2,3,21:00,â¡,-6.7,,-10.8,,73,,26,,41,,16.1,,101.54,,,,-16,,NA
3/2/2017 22:00,2017,2,3,22:00,â¡,-6,,-10.4,,71,,26,,39,,16.1,,101.54,,,,-15,,NA
3/2/2017 23:00,2017,2,3,23:00,â¡,-5.9,,-10.9,,68,,26,,37,,16.1,,101.6,,,,-15,,NA
4/2/2017 0:00,2017,2,4,0:00,â¡,-5.6,,-11,,66,,25,,41,,16.1,,101.62,,,,-15,,NA
4/2/2017 1:00,2017,2,4,1:00,â¡,-5.4,,-10.7,,67,,25,,43,,16.1,,101.61,,,,-15,,NA
4/2/2017 2:00,2017,2,4,2:00,â¡,-5.4,,-11,,65,,25,,43,,16.1,,101.64,,,,-15,,NA
4/2/2017 3:00,2017,2,4,3:00,â¡,-5.4,,-12.4,,58,,26,,30,,16.1,,101.69,,,,-14,,NA
4/2/2017 4:00,2017,2,4,4:00,â¡,-5.7,,-11.5,,64,,26,,30,,16.1,,101.71,,,,-14,,Snow
4/2/2017 5:00,2017,2,4,5:00,â¡,-6,,-12.8,,59,,28,,26,,16.1,,101.72,,,,-14,,NA
4/2/2017 6:00,2017,2,4,6:00,â¡,-6.2,,-12,,64,,25,,26,,16.1,,101.73,,,,-14,,NA
4/2/2017 7:00,2017,2,4,7:00,â¡,-6.3,,-10.7,,71,,24,,30,,16.1,,101.75,,,,-15,,NA
4/2/2017 8:00,2017,2,4,8:00,â¡,-6.4,,-11,,70,,24,,34,,16.1,,101.77,,,,-15,,NA
4/2/2017 9:00,2017,2,4,9:00,â¡,-6.8,,-10.9,,73,,24,,34,,16.1,,101.78,,,,-16,,Snow
4/2/2017 10:00,2017,2,4,10:00,â¡,-5.7,,-10.8,,68,,24,,24,,16.1,,101.8,,,,-13,,NA
4/2/2017 11:00,2017,2,4,11:00,â¡,-4.9,,-10.9,,63,,24,,32,,16.1,,101.76,,,,-13,,Snow
4/2/2017 12:00,2017,2,4,12:00,â¡,-4.6,,-11.5,,59,,25,,35,,16.1,,101.71,,,,-13,,Snow
4/2/2017 13:00,2017,2,4,13:00,â¡,-3.2,,-10.8,,56,,25,,34,,16.1,,101.6,,,,-11,,Snow
4/2/2017 14:00,2017,2,4,14:00,â¡,-2.8,,-11.4,,52,,27,,26,,16.1,,101.55,,,,-10,,NA
4/2/2017 15:00,2017,2,4,15:00,â¡,-2.4,,-11,,52,,26,,24,,16.1,,101.44,,,,-9,,NA
4/2/2017 16:00,2017,2,4,16:00,â¡,-2.3,,-10.4,,54,,23,,28,,16.1,,101.41,,,,-9,,NA
4/2/2017 17:00,2017,2,4,17:00,â¡,-2.6,,-10.9,,53,,24,,32,,16.1,,101.36,,,,-10,,NA
4/2/2017 18:00,2017,2,4,18:00,â¡,-3,,-10.7,,56,,24,,35,,16.1,,101.33,,,,-11,,NA
4/2/2017 19:00,2017,2,4,19:00,â¡,-3.5,,-10,,61,,25,,21,,16.1,,101.27,,,,-10,,NA
4/2/2017 20:00,2017,2,4,20:00,â¡,-3.4,,-8.5,,68,,25,,24,,16.1,,101.18,,,,-10,,NA
4/2/2017 21:00,2017,2,4,21:00,â¡,-2.7,,-7.8,,68,,25,,30,,16.1,,101.09,,,,-10,,NA
4/2/2017 22:00,2017,2,4,22:00,â¡,-2.1,,-7.4,,67,,25,,26,,16.1,,101.01,,,,-9,,NA
4/2/2017 23:00,2017,2,4,23:00,â¡,-1.3,,-6.9,,66,,24,,28,,16.1,,100.93,,,,-8,,NA
5/2/2017 0:00,2017,2,5,0:00,â¡,-0.2,,-6,,65,,22,,32,,16.1,,100.78,,,,-7,,NA
5/2/2017 1:00,2017,2,5,1:00,â¡,0.1,,-7.7,,56,,22,,39,,16.1,,100.61,,,,,,NA
5/2/2017 2:00,2017,2,5,2:00,â¡,0,,-7.8,,56,,22,,43,,16.1,,100.52,,,,-8,,NA
5/2/2017 3:00,2017,2,5,3:00,â¡,-0.3,,-8.4,,55,,23,,41,,16.1,,100.44,,,,-8,,NA
5/2/2017 4:00,2017,2,5,4:00,â¡,-0.1,,-7,,60,,22,,39,,16.1,,100.3,,,,-7,,NA
5/2/2017 5:00,2017,2,5,5:00,â¡,-0.3,,-7.4,,59,,23,,37,,16.1,,100.24,,,,-8,,NA
5/2/2017 6:00,2017,2,5,6:00,â¡,-0.3,,-6.9,,61,,23,,34,,16.1,,100.13,,,,-7,,NA
5/2/2017 7:00,2017,2,5,7:00,â¡,-0.5,,-6.6,,64,,24,,37,,16.1,,100.06,,,,-8,,NA
5/2/2017 8:00,2017,2,5,8:00,â¡,-1.4,,-4.6,,79,,24,,39,,16.1,,100.06,,,,-9,,Snow
5/2/2017 9:00,2017,2,5,9:00,â¡,-1.4,,-3.6,,85,,24,,35,,11.3,,100.05,,,,-9,,Snow
5/2/2017 10:00,2017,2,5,10:00,â¡,-1.4,,-2.8,,90,,24,,34,,1.2,,100.04,,,,-9,,Snow
5/2/2017 11:00,2017,2,5,11:00,â¡,-0.6,,-3.1,,83,,24,,30,,16.1,,100.01,,,,-7,,NA
5/2/2017 12:00,2017,2,5,12:00,â¡,-0.2,,-3.6,,78,,25,,34,,16.1,,99.95,,,,-7,,Snow
5/2/2017 13:00,2017,2,5,13:00,â¡,0,,-3.4,,78,,25,,32,,16.1,,99.91,,,,-7,,Snow
5/2/2017 14:00,2017,2,5,14:00,â¡,0.4,,-3,,78,,25,,30,,16.1,,99.88,,,,,,Snow
5/2/2017 15:00,2017,2,5,15:00,â¡,0.8,,-3.1,,75,,26,,30,,16.1,,99.92,,,,,,NA
5/2/2017 16:00,2017,2,5,16:00,â¡,0.9,,-3,,75,,26,,26,,16.1,,100.01,,,,,,Snow
5/2/2017 17:00,2017,2,5,17:00,â¡,1.2,,-2.9,,74,,26,,22,,16.1,,100.1,,,,,,Snow
5/2/2017 18:00,2017,2,5,18:00,â¡,0.9,,-5,,65,,29,,32,,16.1,,100.28,,,,,,Snow
5/2/2017 19:00,2017,2,5,19:00,â¡,0.1,,-6.2,,63,,28,,24,,16.1,,100.42,,,,,,NA
5/2/2017 20:00,2017,2,5,20:00,â¡,-0.1,,-6.6,,62,,31,,24,,16.1,,100.54,,,,-6,,Rain
5/2/2017 21:00,2017,2,5,21:00,â¡,-0.6,,-6.4,,65,,29,,30,,16.1,,100.64,,,,-7,,NA
5/2/2017 22:00,2017,2,5,22:00,â¡,-1.3,,-7.9,,61,,29,,24,,16.1,,100.75,,,,-7,,Snow
5/2/2017 23:00,2017,2,5,23:00,â¡,-1.6,,-9.3,,56,,31,,21,,16.1,,100.8,,,,-7,,NA
6/2/2017 0:00,2017,2,6,0:00,â¡,-2,,-9.5,,57,,28,,21,,16.1,,100.85,,,,-8,,NA
6/2/2017 1:00,2017,2,6,1:00,â¡,-2.3,,-10.2,,55,,30,,17,,16.1,,100.89,,,,-8,,Snow
6/2/2017 2:00,2017,2,6,2:00,â¡,-2.5,,-9.9,,57,,30,,11,,16.1,,100.9,,,,-7,,NA
6/2/2017 3:00,2017,2,6,3:00,â¡,-2.5,,-9.9,,57,,33,,8,,16.1,,100.98,,,,-6,,NA
6/2/2017 4:00,2017,2,6,4:00,â¡,-2.7,,-9.7,,59,,,M,4,,16.1,,100.92,,,,-4,,NA
6/2/2017 5:00,2017,2,6,5:00,â¡,-3,,-8.9,,64,,27,,8,,16.1,,100.97,,,,-6,,NA
6/2/2017 6:00,2017,2,6,6:00,â¡,-2.7,,-8.4,,65,,,,0,,16.1,,101.02,,,,,,NA
6/2/2017 7:00,2017,2,6,7:00,â¡,-3.6,,-8,,72,,8,,9,,16.1,,101.1,,,,-7,,NA
6/2/2017 8:00,2017,2,6,8:00,â¡,-3.2,,-6.9,,76,,8,,8,,16.1,,101.04,,,,-6,,Snow
6/2/2017 9:00,2017,2,6,9:00,â¡,-2.5,,-7.3,,70,,22,,11,,16.1,,101.1,,,,-7,,NA
6/2/2017 10:00,2017,2,6,10:00,â¡,-1.6,,-8.5,,60,,23,,11,,16.1,,101.06,,,,-5,,NA
6/2/2017 11:00,2017,2,6,11:00,â¡,-0.8,,-7.5,,61,,20,,18,,16.1,,100.99,,,,-6,,NA
6/2/2017 12:00,2017,2,6,12:00,â¡,-0.6,,-7.8,,58,,22,,22,,16.1,,100.94,,,,-6,,NA
6/2/2017 13:00,2017,2,6,13:00,â¡,-0.3,,-7.1,,60,,22,,22,,16.1,,100.87,,,,-6,,NA
6/2/2017 14:00,2017,2,6,14:00,â¡,0.7,,-7.3,,55,,22,,18,,16.1,,100.76,,,,,,NA
6/2/2017 15:00,2017,2,6,15:00,â¡,1.3,,-7.1,,54,,20,,13,,16.1,,100.74,,,,,,NA
6/2/2017 16:00,2017,2,6,16:00,â¡,1,,-7.1,,55,,19,,9,,16.1,,100.72,,,,,,NA
6/2/2017 17:00,2017,2,6,17:00,â¡,1.2,,-5.1,,63,,18,,8,,16.1,,100.68,,,,,,NA
6/2/2017 18:00,2017,2,6,18:00,â¡,0.8,,-4.1,,70,,24,,9,,16.1,,100.66,,,,,,NA
6/2/2017 19:00,2017,2,6,19:00,â¡,0.7,,-4.5,,68,,18,,5,,16.1,,100.57,,,,,,NA
6/2/2017 20:00,2017,2,6,20:00,â¡,0.8,,-4.6,,67,,,,0,,16.1,,100.55,,,,,,NA
6/2/2017 21:00,2017,2,6,21:00,â¡,0.9,,-3.7,,71,,12,,5,,16.1,,100.54,,,,,,NA
6/2/2017 22:00,2017,2,6,22:00,â¡,1.1,,-3.2,,73,,6,,8,,16.1,,100.52,,,,,,NA
6/2/2017 23:00,2017,2,6,23:00,â¡,1.3,,-2.1,,78,,7,,11,,16.1,,100.45,,,,,,NA
7/2/2017 0:00,2017,2,7,0:00,â¡,1.5,,-2.5,,75,,6,,18,,16.1,,100.34,,,,,,NA
7/2/2017 1:00,2017,2,7,1:00,â¡,1.9,,-1.9,,76,,7,,24,,16.1,,100.29,,,,,,NA
7/2/2017 2:00,2017,2,7,2:00,â¡,1.8,,-2.1,,75,,6,,28,,16.1,,100.26,,,,,,NA
7/2/2017 3:00,2017,2,7,3:00,â¡,0.9,,-1.3,,85,,5,,32,,16.1,,100.19,,,,,,NA
7/2/2017 4:00,2017,2,7,4:00,â¡,1.1,,-1,,86,,6,,30,,16.1,,100.21,,,,,,NA
7/2/2017 5:00,2017,2,7,5:00,â¡,1.5,,-0.8,,85,,6,,39,,16.1,,100.13,,,,,,NA
7/2/2017 6:00,2017,2,7,6:00,â¡,1.5,,-1.4,,81,,7,,45,,16.1,,100.04,,,,,,NA
7/2/2017 7:00,2017,2,7,7:00,â¡,1.5,,-2.3,,76,,7,,41,,16.1,,100.07,,,,,,NA
7/2/2017 8:00,2017,2,7,8:00,â¡,0.6,,-2.5,,80,,7,,48,,16.1,,100.04,,,,,,NA
7/2/2017 9:00,2017,2,7,9:00,â¡,0.3,,-2.9,,79,,7,,45,,16.1,,99.97,,,,,,NA
7/2/2017 10:00,2017,2,7,10:00,â¡,-0.3,,-3,,82,,7,,46,,16.1,,99.84,,,,-8,,NA
7/2/2017 11:00,2017,2,7,11:00,â¡,-0.4,,-2.8,,84,,6,,46,,16.1,,99.72,,,,-8,,NA
7/2/2017 12:00,2017,2,7,12:00,â¡,-0.5,,-1.7,,91,,8,,48,,3.2,,99.54,,,,-9,,Fog
7/2/2017 13:00,2017,2,7,13:00,â¡,-0.6,,-1.6,,93,,7,,50,,16.1,,99.33,,,,-9,,Snow
7/2/2017 14:00,2017,2,7,14:00,â¡,-0.6,,-1.5,,94,,7,,50,,6.4,,99.12,,,,-9,,Fog
7/2/2017 15:00,2017,2,7,15:00,â¡,-0.6,,-1.3,,95,,7,,54,,8.1,,98.91,,,,-9,,Fog
7/2/2017 16:00,2017,2,7,16:00,â¡,-0.5,,-1.2,,95,,7,,50,,4.8,,98.75,,,,-9,,Fog
7/2/2017 17:00,2017,2,7,17:00,â¡,-0.2,,-0.9,,95,,7,,43,,9.7,,98.66,,,,-8,,Snow
7/2/2017 18:00,2017,2,7,18:00,â¡,-0.2,,-0.8,,96,,7,,41,,6.4,,98.49,,,,-8,,Snow
7/2/2017 19:00,2017,2,7,19:00,â¡,0.6,,0.2,,97,,7,,35,,12.9,,98.34,,,,,,Snow
7/2/2017 20:00,2017,2,7,20:00,â¡,0.9,,0.5,,97,,7,,21,,16.1,,98.28,,,,,,Snow
7/2/2017 21:00,2017,2,7,21:00,â¡,1.1,,0.8,,98,,,M,4,,6.4,,98.2,,,,,,"Rain,Fog"
7/2/2017 22:00,2017,2,7,22:00,â¡,0.9,,0.6,,98,,7,,8,,4.8,,98.07,,,,,,"Rain,Fog"
7/2/2017 23:00,2017,2,7,23:00,â¡,1.8,,1.5,,98,,,,0,,6.4,,98.08,,,,,,"Rain,Fog"
8/2/2017 0:00,2017,2,8,0:00,â¡,2.6,,2.5,,99,,26,,18,,6.4,,98.17,,,,,,Fog
8/2/2017 1:00,2017,2,8,1:00,â¡,4.8,,2.8,,87,,27,,34,,16.1,,98.31,,,,,,NA
8/2/2017 2:00,2017,2,8,2:00,â¡,4.2,,1.7,,84,,26,,30,,16.1,,98.52,,,,,,NA
8/2/2017 3:00,2017,2,8,3:00,â¡,3.5,,1.1,,84,,26,,32,,16.1,,98.69,,,,,,Rain
8/2/2017 4:00,2017,2,8,4:00,â¡,3.6,,0.4,,80,,26,,32,,16.1,,98.84,,,,,,NA
8/2/2017 5:00,2017,2,8,5:00,â¡,3,,-1.6,,72,,29,,32,,16.1,,99.14,,,,,,NA
8/2/2017 6:00,2017,2,8,6:00,â¡,1.5,,-3.2,,71,,29,,32,,16.1,,99.4,,,,,,NA
8/2/2017 7:00,2017,2,8,7:00,â¡,0.3,,-5.7,,64,,28,,34,,16.1,,99.58,,,,,,NA
8/2/2017 8:00,2017,2,8,8:00,â¡,-0.1,,-6.1,,64,,29,,26,,16.1,,99.74,,,,-6,,NA
8/2/2017 9:00,2017,2,8,9:00,â¡,-0.6,,-7.9,,58,,29,,28,,16.1,,99.9,,,,-7,,NA
8/2/2017 10:00,2017,2,8,10:00,â¡,-0.6,,-7.8,,58,,29,,30,,16.1,,99.98,,,,-7,,NA
8/2/2017 11:00,2017,2,8,11:00,â¡,-0.5,,-7.6,,59,,30,,30,,16.1,,100.11,,,,-7,,NA
8/2/2017 12:00,2017,2,8,12:00,â¡,-0.6,,-7.7,,59,,29,,30,,16.1,,100.13,,,,-7,,NA
8/2/2017 13:00,2017,2,8,13:00,â¡,-0.8,,-8.1,,58,,29,,26,,16.1,,100.17,,,,-7,,NA
8/2/2017 14:00,2017,2,8,14:00,â¡,-0.1,,-7.5,,58,,28,,21,,16.1,,100.15,,,,-6,,NA
8/2/2017 15:00,2017,2,8,15:00,â¡,-0.7,,-8,,58,,36,,15,,16.1,,100.15,,,,-5,,NA
8/2/2017 16:00,2017,2,8,16:00,â¡,-1.1,,-7.5,,62,,34,,15,,16.1,,100.2,,,,-6,,NA
8/2/2017 17:00,2017,2,8,17:00,â¡,-3.1,,-8.4,,67,,33,,21,,16.1,,100.3,,,,-9,,Snow
8/2/2017 18:00,2017,2,8,18:00,â¡,-3.6,,-8.9,,67,,35,,18,,16.1,,100.32,,,,-9,,Snow
8/2/2017 19:00,2017,2,8,19:00,â¡,-4,,-9.1,,68,,33,,18,,16.1,,100.38,,,,-10,,Snow
8/2/2017 20:00,2017,2,8,20:00,â¡,-4.5,,-10.1,,65,,35,,18,,16.1,,100.42,,,,-11,,Snow
8/2/2017 21:00,2017,2,8,21:00,â¡,-4.7,,-11.1,,61,,32,,24,,16.1,,100.44,,,,-12,,NA
8/2/2017 22:00,2017,2,8,22:00,â¡,-5.4,,-12,,60,,35,,26,,16.1,,100.37,,,,-13,,NA
8/2/2017 23:00,2017,2,8,23:00,â¡,-5.8,,-12.6,,59,,34,,17,,16.1,,100.41,,,,-12,,NA
9/2/2017 0:00,2017,2,9,0:00,â¡,-6.3,,-12.9,,60,,35,,18,,16.1,,100.35,,,,-13,,NA
9/2/2017 1:00,2017,2,9,1:00,â¡,-6.8,,-12.9,,62,,32,,17,,16.1,,100.35,,,,-13,,NA
9/2/2017 2:00,2017,2,9,2:00,â¡,-7.4,,-14.1,,59,,33,,15,,16.1,,100.37,,,,-14,,NA
9/2/2017 3:00,2017,2,9,3:00,â¡,-8.2,,-15.2,,57,,36,,11,,16.1,,100.42,,,,-13,,NA
9/2/2017 4:00,2017,2,9,4:00,â¡,-9.2,,-17.4,,52,,34,,17,,16.1,,100.49,,,,-16,,NA
9/2/2017 5:00,2017,2,9,5:00,â¡,-10,,-18.1,,52,,33,,18,,16.1,,100.56,,,,-17,,NA
9/2/2017 6:00,2017,2,9,6:00,â¡,-10.4,,-18,,54,,32,,11,,16.1,,100.61,,,,-16,,NA
9/2/2017 7:00,2017,2,9,7:00,â¡,-10.6,,-18.9,,51,,1,,17,,16.1,,100.63,,,,-18,,NA
9/2/2017 8:00,2017,2,9,8:00,â¡,-10.5,,-18.7,,52,,35,,17,,16.1,,100.67,,,,-18,,NA
9/2/2017 9:00,2017,2,9,9:00,â¡,-10.1,,-18.4,,51,,34,,8,,16.1,,100.68,,,,-15,,NA
9/2/2017 10:00,2017,2,9,10:00,â¡,-8.8,,-17.5,,50,,33,,9,,16.1,,100.69,,,,-13,,NA
9/2/2017 11:00,2017,2,9,11:00,â¡,-7.8,,-17,,48,,29,,15,,16.1,,100.72,,,,-14,,NA
9/2/2017 12:00,2017,2,9,12:00,â¡,-6.4,,-15.7,,48,,27,,15,,16.1,,100.71,,,,-12,,NA
9/2/2017 13:00,2017,2,9,13:00,â¡,-5.5,,-16.6,,42,,32,,13,,16.1,,100.67,,,,-11,,NA
9/2/2017 14:00,2017,2,9,14:00,â¡,-4.5,,-16.2,,40,,30,,15,,16.1,,100.67,,,,-10,,NA
9/2/2017 15:00,2017,2,9,15:00,â¡,-3.9,,-15.3,,41,,26,,18,,16.1,,100.67,,,,-10,,NA
9/2/2017 16:00,2017,2,9,16:00,â¡,-4.3,,-16.6,,38,,28,,18,,16.1,,100.72,,,,-10,,NA
9/2/2017 17:00,2017,2,9,17:00,â¡,-4.3,,-14.6,,45,,28,,28,,16.1,,100.78,,,,-12,,NA
9/2/2017 18:00,2017,2,9,18:00,â¡,-5.2,,-14.1,,50,,28,,26,,16.1,,100.84,,,,-13,,NA
9/2/2017 19:00,2017,2,9,19:00,â¡,-6,,-12.4,,61,,27,,32,,16.1,,100.87,,,,-15,,NA
9/2/2017 20:00,2017,2,9,20:00,â¡,-6.2,,-11.8,,65,,28,,28,,16.1,,100.93,,,,-14,,NA
9/2/2017 21:00,2017,2,9,21:00,â¡,-6.3,,-11.9,,65,,26,,34,,16.1,,100.96,,,,-15,,NA
9/2/2017 22:00,2017,2,9,22:00,â¡,-6.1,,-11.7,,65,,27,,30,,16.1,,100.95,,,,-14,,NA
9/2/2017 23:00,2017,2,9,23:00,â¡,-6.1,,-12,,63,,28,,30,,16.1,,101.01,,,,-14,,NA
10/2/2017 0:00,2017,2,10,0:00,â¡,-6.3,,-12.1,,64,,27,,32,,16.1,,101.06,,,,-15,,NA
10/2/2017 1:00,2017,2,10,1:00,â¡,-6.2,,-12.2,,63,,27,,30,,16.1,,101.11,,,,-15,,NA
10/2/2017 2:00,2017,2,10,2:00,â¡,-6.3,,-11.9,,65,,28,,24,,16.1,,101.2,,,,-14,,NA
10/2/2017 3:00,2017,2,10,3:00,â¡,-5.8,,-11.8,,63,,27,,35,,16.1,,101.25,,,,-15,,NA
10/2/2017 4:00,2017,2,10,4:00,â¡,-5.8,,-11.6,,64,,26,,35,,16.1,,101.31,,,,-15,,NA
10/2/2017 5:00,2017,2,10,5:00,â¡,-6,,-11.4,,66,,25,,41,,16.1,,101.34,,,,-16,,NA
10/2/2017 6:00,2017,2,10,6:00,â¡,-6.2,,-11.7,,65,,26,,35,,16.1,,101.39,,,,-15,,NA
10/2/2017 7:00,2017,2,10,7:00,â¡,-6.1,,-11.1,,68,,25,,32,,16.1,,101.39,,,,-15,,NA
10/2/2017 8:00,2017,2,10,8:00,â¡,-5.9,,-11.1,,67,,25,,35,,16.1,,101.48,,,,-15,,NA
10/2/2017 9:00,2017,2,10,9:00,â¡,-5,,-10.7,,65,,27,,24,,16.1,,101.51,,,,-12,,NA
10/2/2017 10:00,2017,2,10,10:00,â¡,-4.9,,-10.9,,63,,25,,28,,16.1,,101.49,,,,-13,,NA
10/2/2017 11:00,2017,2,10,11:00,â¡,-4.4,,-11,,60,,24,,21,,16.1,,101.42,,,,-11,,NA
10/2/2017 12:00,2017,2,10,12:00,â¡,-4.3,,-10.3,,63,,23,,26,,16.1,,101.33,,,,-12,,NA
10/2/2017 13:00,2017,2,10,13:00,â¡,-4.1,,-10.1,,63,,23,,28,,16.1,,101.25,,,,-12,,NA
10/2/2017 14:00,2017,2,10,14:00,â¡,-5.2,,-7.8,,82,,21,,22,,2.4,,101.1,,,,-12,,Snow
10/2/2017 15:00,2017,2,10,15:00,â¡,-4.7,,-6.2,,89,,17,,15,,1.2,,100.91,,,,-10,,Snow
10/2/2017 16:00,2017,2,10,16:00,â¡,-3.5,,-5.2,,88,,19,,32,,1.6,,100.71,,,,-11,,Snow
10/2/2017 17:00,2017,2,10,17:00,â¡,-3.6,,-5.3,,88,,18,,26,,2,,100.56,,,,-11,,Snow
10/2/2017 18:00,2017,2,10,18:00,â¡,-3.3,,-5.3,,86,,16,,22,,2,,100.47,,,,-10,,Snow
10/2/2017 19:00,2017,2,10,19:00,â¡,-3.3,,-4.9,,89,,15,,22,,3.6,,100.4,,,,-10,,Snow
10/2/2017 20:00,2017,2,10,20:00,â¡,-2.4,,-4.9,,83,,16,,24,,14.5,,100.22,,,,-9,,Snow
10/2/2017 21:00,2017,2,10,21:00,â¡,-1.5,,-5.5,,74,,17,,18,,16.1,,100.09,,,,-7,,NA
10/2/2017 22:00,2017,2,10,22:00,â¡,-0.6,,-6.2,,66,,19,,24,,16.1,,100.01,,,,-7,,NA
10/2/2017 23:00,2017,2,10,23:00,â¡,-0.1,,-6.3,,63,,23,,28,,16.1,,99.98,,,,-6,,NA
11/2/2017 0:00,2017,2,11,0:00,â¡,0.2,,-5.8,,64,,22,,22,,16.1,,99.89,,,,,,NA
11/2/2017 1:00,2017,2,11,1:00,â¡,0.3,,-5.1,,67,,21,,17,,16.1,,99.81,,,,,,NA
11/2/2017 2:00,2017,2,11,2:00,â¡,0.6,,-4.6,,68,,23,,21,,16.1,,99.79,,,,,,NA
11/2/2017 3:00,2017,2,11,3:00,â¡,0,,-5.1,,69,,25,,15,,16.1,,99.79,,,,-4,,NA
11/2/2017 4:00,2017,2,11,4:00,â¡,-0.2,,-5.4,,68,,25,,15,,16.1,,99.82,,,,-5,,NA
11/2/2017 5:00,2017,2,11,5:00,â¡,-0.5,,-5.1,,71,,26,,11,,16.1,,99.84,,,,-4,,NA
11/2/2017 6:00,2017,2,11,6:00,â¡,-0.7,,-5,,73,,29,,13,,16.1,,99.91,,,,-5,,NA
11/2/2017 7:00,2017,2,11,7:00,â¡,-0.9,,-5.1,,73,,28,,8,,16.1,,99.94,,,,-4,,NA
11/2/2017 8:00,2017,2,11,8:00,â¡,-0.6,,-4.7,,74,,29,,13,,16.1,,100.11,,,,-5,,NA
11/2/2017 9:00,2017,2,11,9:00,â¡,0.5,,-3.7,,73,,29,,15,,16.1,,100.14,,,,,,NA
11/2/2017 10:00,2017,2,11,10:00,â¡,0.9,,-3.2,,74,,30,,15,,16.1,,100.21,,,,,,NA
11/2/2017 11:00,2017,2,11,11:00,â¡,1.9,,-2.4,,73,,30,,17,,16.1,,100.28,,,,,,NA
11/2/2017 12:00,2017,2,11,12:00,â¡,2.4,,-2,,73,,28,,11,,16.1,,100.39,,,,,,NA
11/2/2017 13:00,2017,2,11,13:00,â¡,3.5,,-1.7,,69,,29,,13,,16.1,,100.41,,,,,,NA
11/2/2017 14:00,2017,2,11,14:00,â¡,3.5,,-0.5,,75,,21,,9,,14.5,,100.43,,,,,,NA
11/2/2017 15:00,2017,2,11,15:00,â¡,3.1,,-0.4,,78,,19,,9,,16.1,,100.44,,,,,,NA
11/2/2017 16:00,2017,2,11,16:00,â¡,3.3,,-0.5,,76,,18,,5,,16.1,,100.53,,,,,,NA
11/2/2017 17:00,2017,2,11,17:00,â¡,3.1,,-0.7,,76,,6,,18,,16.1,,100.62,,,,,,NA
11/2/2017 18:00,2017,2,11,18:00,â¡,2.3,,-1.5,,76,,8,,15,,16.1,,100.74,,,,,,NA
11/2/2017 19:00,2017,2,11,19:00,â¡,2.1,,-1.3,,78,,9,,8,,16.1,,100.83,,,,,,NA
11/2/2017 20:00,2017,2,11,20:00,â¡,1.7,,-1,,82,,6,,9,,16.1,,100.85,,,,,,NA
11/2/2017 21:00,2017,2,11,21:00,â¡,1.9,,-0.5,,84,,7,,11,,16.1,,100.85,,,,,,NA
11/2/2017 22:00,2017,2,11,22:00,â¡,1.8,,-0.8,,83,,7,,11,,16.1,,100.86,,,,,,NA
11/2/2017 23:00,2017,2,11,23:00,â¡,2.4,,0.5,,87,,9,,21,,16.1,,100.83,,,,,,NA
12/2/2017 0:00,2017,2,12,0:00,â¡,1.3,,-0.3,,89,,8,,26,,16.1,,100.83,,,,,,NA
12/2/2017 1:00,2017,2,12,1:00,â¡,0.4,,-1.2,,89,,8,,30,,16.1,,100.85,,,,,,NA
12/2/2017 2:00,2017,2,12,2:00,â¡,-0.2,,-1.5,,91,,7,,35,,16.1,,100.78,,,,-7,,NA
12/2/2017 3:00,2017,2,12,3:00,â¡,-1,,-2,,93,,7,,35,,16.1,,100.71,,,,-8,,NA
12/2/2017 4:00,2017,2,12,4:00,â¡,-1.6,,-2.4,,94,,7,,30,,16.1,,100.71,,,,-9,,NA
12/2/2017 5:00,2017,2,12,5:00,â¡,-1.8,,-2.5,,95,,6,,37,,2.4,,100.54,,,,-10,,Snow
12/2/2017 6:00,2017,2,12,6:00,â¡,-3.2,,-4.2,,93,,6,,34,,3.6,,100.43,,,,-11,,Snow
12/2/2017 7:00,2017,2,12,7:00,â¡,-2.9,,-3.7,,94,,6,,28,,2,,100.36,,,,-10,,Snow
12/2/2017 8:00,2017,2,12,8:00,â¡,-2.8,,-3.8,,93,,5,,24,,9.7,,100.26,,,,-9,,Snow
12/2/2017 9:00,2017,2,12,9:00,â¡,-1.9,,-2.7,,94,,5,,21,,6.4,,100.17,,,,-8,,Snow
12/2/2017 10:00,2017,2,12,10:00,â¡,-2.4,,-3.7,,91,,4,,15,,2.8,,100.08,,,,-7,,Snow
12/2/2017 11:00,2017,2,12,11:00,â¡,-2.5,,-3.9,,90,,,M,4,,1.6,,99.97,,,,-4,,Snow
12/2/2017 12:00,2017,2,12,12:00,â¡,-2.7,,-4,,91,,33,,11,,0.6,,99.95,,,,-7,,Moderate Snow
12/2/2017 13:00,2017,2,12,13:00,â¡,-2,,-3.2,,92,,32,,11,,1.6,,99.86,,,,-6,,Snow
12/2/2017 14:00,2017,2,12,14:00,â¡,-1.6,,-2.9,,91,,30,,9,,3.6,,99.75,,,,-5,,Snow
12/2/2017 15:00,2017,2,12,15:00,â¡,-1.3,,-2.7,,90,,24,,8,,16.1,,99.66,,,,-4,,NA
12/2/2017 16:00,2017,2,12,16:00,â¡,-1.1,,-2.5,,90,,21,,13,,16.1,,99.66,,,,-5,,Snow
12/2/2017 17:00,2017,2,12,17:00,â¡,-0.5,,-1.4,,94,,21,,15,,1.6,,99.63,,,,-5,,Snow
12/2/2017 18:00,2017,2,12,18:00,â¡,1.3,,0.7,,96,,22,,24,,6.4,,99.58,,,,,,Fog
12/2/2017 19:00,2017,2,12,19:00,â¡,1.3,,0.4,,94,,25,,11,,8.1,,99.56,,,,,,"Rain,Fog"
12/2/2017 20:00,2017,2,12,20:00,â¡,2,,-0.3,,85,,29,,35,,16.1,,99.58,,,,,,Rain
12/2/2017 21:00,2017,2,12,21:00,â¡,1.5,,-2.8,,73,,29,,46,,16.1,,99.69,,,,,,NA
12/2/2017 22:00,2017,2,12,22:00,â¡,0.7,,-4,,71,,29,,45,,16.1,,99.83,,,,,,Rain
12/2/2017 23:00,2017,2,12,23:00,â¡,-0.3,,-4.9,,71,,29,,45,,16.1,,99.93,,,,-8,,NA
13/2/2017 0:00,2017,2,13,0:00,â¡,-0.4,,-5.6,,68,,28,,35,,16.1,,100.02,,,,-7,,NA
13/2/2017 1:00,2017,2,13,1:00,â¡,-0.8,,-5.4,,71,,29,,45,,16.1,,100.08,,,,-9,,NA
13/2/2017 2:00,2017,2,13,2:00,â¡,-0.4,,-5,,71,,29,,32,,16.1,,100.23,,,,-7,,NA
13/2/2017 3:00,2017,2,13,3:00,â¡,-0.4,,-4.8,,72,,29,,34,,16.1,,100.37,,,,-7,,NA
13/2/2017 4:00,2017,2,13,4:00,â¡,-0.7,,-5.7,,69,,29,,30,,16.1,,100.49,,,,-7,,Snow
13/2/2017 5:00,2017,2,13,5:00,â¡,-1.3,,-7.3,,64,,29,,37,,16.1,,100.62,,,,-9,,NA
13/2/2017 6:00,2017,2,13,6:00,â¡,-1.6,,-7.8,,63,,29,,30,,16.1,,100.71,,,,-9,,NA
13/2/2017 7:00,2017,2,13,7:00,â¡,-2.1,,-7.8,,65,,29,,26,,16.1,,100.82,,,,-9,,Snow
13/2/2017 8:00,2017,2,13,8:00,â¡,-2.4,,-8.5,,63,,30,,24,,16.1,,100.93,,,,-9,,Snow
13/2/2017 9:00,2017,2,13,9:00,â¡,-2.8,,-8.5,,65,,29,,30,,16.1,,101.02,,,,-10,,Snow
13/2/2017 10:00,2017,2,13,10:00,â¡,-2.8,,-8.4,,66,,29,,24,,16.1,,101.11,,,,-9,,Snow
13/2/2017 11:00,2017,2,13,11:00,â¡,-2.9,,-8.8,,64,,30,,26,,16.1,,101.16,,,,-10,,NA
13/2/2017 12:00,2017,2,13,12:00,â¡,-2.7,,-8.8,,63,,29,,22,,16.1,,101.17,,,,-9,,NA
13/2/2017 13:00,2017,2,13,13:00,â¡,-2.7,,-8.8,,63,,30,,32,,16.1,,101.13,,,,-10,,NA
13/2/2017 14:00,2017,2,13,14:00,â¡,-1.7,,-8.5,,60,,31,,34,,16.1,,101.08,,,,-9,,NA
13/2/2017 15:00,2017,2,13,15:00,â¡,-1.5,,-7.7,,63,,31,,22,,16.1,,101.07,,,,-7,,NA
13/2/2017 16:00,2017,2,13,16:00,â¡,-1.1,,-7.5,,62,,31,,22,,16.1,,101.03,,,,-7,,NA
13/2/2017 17:00,2017,2,13,17:00,â¡,-0.9,,-7.5,,61,,30,,18,,16.1,,100.99,,,,-6,,NA
13/2/2017 18:00,2017,2,13,18:00,â¡,-1.1,,-7.3,,63,,28,,11,,16.1,,100.96,,,,-5,,NA
13/2/2017 19:00,2017,2,13,19:00,â¡,-1.6,,-7.1,,66,,27,,9,,16.1,,100.97,,,,-5,,NA
13/2/2017 20:00,2017,2,13,20:00,â¡,-1.4,,-6.4,,69,,27,,9,,16.1,,100.92,,,,-5,,NA
13/2/2017 21:00,2017,2,13,21:00,â¡,-1.8,,-5.9,,74,,25,,18,,16.1,,100.89,,,,-7,,NA
13/2/2017 22:00,2017,2,13,22:00,â¡,-2.7,,-6.8,,74,,26,,13,,16.1,,100.83,,,,-7,,NA
13/2/2017 23:00,2017,2,13,23:00,â¡,-2.3,,-6.3,,74,,25,,18,,16.1,,100.75,,,,-8,,NA
14/2/2017 0:00,2017,2,14,0:00,â¡,-1.9,,-5.9,,74,,23,,21,,16.1,,100.67,,,,-8,,NA
14/2/2017 1:00,2017,2,14,1:00,â¡,-1.2,,-4.5,,78,,21,,17,,16.1,,100.52,,,,-6,,NA
14/2/2017 2:00,2017,2,14,2:00,â¡,-1.5,,-3.9,,84,,25,,9,,16.1,,100.46,,,,-5,,NA
14/2/2017 3:00,2017,2,14,3:00,â¡,-1.8,,-4.2,,84,,25,,18,,16.1,,100.39,,,,-7,,NA
14/2/2017 4:00,2017,2,14,4:00,â¡,-2.3,,-4.4,,86,,25,,9,,16.1,,100.24,,,,-6,,NA
14/2/2017 5:00,2017,2,14,5:00,â¡,0.2,,-2.1,,85,,,M,21,,16.1,,100.1,,,,,,NA
14/2/2017 6:00,2017,2,14,6:00,â¡,0.8,,-1.9,,82,,20,,26,,16.1,,100,,,,,,NA
14/2/2017 7:00,2017,2,14,7:00,â¡,1.1,,-1.6,,82,,19,,22,,16.1,,99.91,,,,,,NA
14/2/2017 8:00,2017,2,14,8:00,â¡,1.4,,-1.4,,82,,22,,26,,16.1,,99.89,,,,,,NA
14/2/2017 9:00,2017,2,14,9:00,â¡,1.3,,-1.4,,82,,22,,26,,16.1,,99.79,,,,,,NA
14/2/2017 10:00,2017,2,14,10:00,â¡,1.5,,-1.6,,80,,23,,22,,16.1,,99.69,,,,,,NA
14/2/2017 11:00,2017,2,14,11:00,â¡,2.3,,-1.5,,76,,23,,22,,16.1,,99.58,,,,,,NA
14/2/2017 12:00,2017,2,14,12:00,â¡,3.1,,-0.7,,76,,21,,26,,16.1,,99.48,,,,,,NA
14/2/2017 13:00,2017,2,14,13:00,â¡,3.5,,-0.4,,76,,21,,22,,16.1,,99.37,,,,,,NA
14/2/2017 14:00,2017,2,14,14:00,â¡,3.7,,-0.7,,73,,22,,26,,16.1,,99.27,,,,,,NA
14/2/2017 15:00,2017,2,14,15:00,â¡,3.3,,0,,79,,23,,24,,16.1,,99.26,,,,,,NA
14/2/2017 16:00,2017,2,14,16:00,â¡,4,,-1,,70,,25,,30,,16.1,,99.23,,,,,,NA
14/2/2017 17:00,2017,2,14,17:00,â¡,3.5,,-0.5,,75,,24,,21,,16.1,,99.22,,,,,,NA
14/2/2017 18:00,2017,2,14,18:00,â¡,3,,0.6,,84,,23,,15,,16.1,,99.23,,,,,,NA
14/2/2017 19:00,2017,2,14,19:00,â¡,2.9,,0.8,,86,,23,,22,,16.1,,99.24,,,,,,NA
14/2/2017 20:00,2017,2,14,20:00,â¡,2.8,,0.7,,86,,23,,13,,16.1,,99.22,,,,,,NA
14/2/2017 21:00,2017,2,14,21:00,â¡,2.8,,0.9,,87,,,M,4,,16.1,,99.16,,,,,,NA
14/2/2017 22:00,2017,2,14,22:00,â¡,2.7,,0.8,,87,,24,,26,,16.1,,99.09,,,,,,NA
14/2/2017 23:00,2017,2,14,23:00,â¡,2.2,,1.2,,93,,22,,15,,16.1,,99.02,,,,,,NA
15/2/2017 0:00,2017,2,15,0:00,â¡,2.3,,1.3,,93,,21,,15,,16.1,,98.92,,,,,,NA
15/2/2017 1:00,2017,2,15,1:00,â¡,2.3,,1.3,,93,,22,,18,,14.5,,98.93,,,,,,NA
15/2/2017 2:00,2017,2,15,2:00,â¡,2.1,,0.6,,90,,24,,15,,16.1,,98.91,,,,,,NA
15/2/2017 3:00,2017,2,15,3:00,â¡,2,,-1.4,,78,,28,,17,,16.1,,98.91,,,,,,NA
15/2/2017 4:00,2017,2,15,4:00,â¡,1.4,,-2.4,,76,,30,,17,,16.1,,98.86,,,,,,NA
15/2/2017 5:00,2017,2,15,5:00,â¡,0.8,,-3,,76,,30,,11,,16.1,,98.9,,,,,,NA
15/2/2017 6:00,2017,2,15,6:00,â¡,0.6,,-3.2,,76,,31,,17,,16.1,,98.91,,,,,,NA
15/2/2017 7:00,2017,2,15,7:00,â¡,1,,-3.5,,72,,30,,11,,16.1,,98.89,,,,,,NA
15/2/2017 8:00,2017,2,15,8:00,â¡,0.9,,-3.6,,72,,27,,13,,16.1,,98.94,,,,,,NA
15/2/2017 9:00,2017,2,15,9:00,â¡,1.1,,-3.7,,70,,26,,24,,16.1,,98.95,,,,,,NA
15/2/2017 10:00,2017,2,15,10:00,â¡,0.9,,-4,,70,,27,,18,,16.1,,98.95,,,,,,NA
15/2/2017 11:00,2017,2,15,11:00,â¡,1.6,,-3.1,,71,,28,,17,,16.1,,98.99,,,,,,Rain
15/2/2017 12:00,2017,2,15,12:00,â¡,1.7,,-3.7,,68,,31,,24,,16.1,,99.02,,,,,,NA
15/2/2017 13:00,2017,2,15,13:00,â¡,1.3,,-4.2,,67,,31,,28,,16.1,,99.03,,,,,,NA
15/2/2017 14:00,2017,2,15,14:00,â¡,0.8,,-4.5,,68,,30,,30,,16.1,,99.04,,,,,,NA
15/2/2017 15:00,2017,2,15,15:00,â¡,0.2,,-5.8,,64,,30,,26,,16.1,,99.12,,,,,,NA
15/2/2017 16:00,2017,2,15,16:00,â¡,-0.6,,-6.4,,65,,33,,24,,16.1,,99.18,,,,-7,,Snow
15/2/2017 17:00,2017,2,15,17:00,â¡,-1.1,,-6.5,,67,,30,,30,,16.1,,99.25,,,,-8,,NA
15/2/2017 18:00,2017,2,15,18:00,â¡,-2,,-6.7,,70,,30,,24,,16.1,,99.35,,,,-8,,Snow
15/2/2017 19:00,2017,2,15,19:00,â¡,-2.8,,-7.4,,71,,30,,28,,16.1,,99.44,,,,-10,,Snow
15/2/2017 20:00,2017,2,15,20:00,â¡,-3,,-8.3,,67,,29,,26,,16.1,,99.5,,,,-10,,Snow
15/2/2017 21:00,2017,2,15,21:00,â¡,-3.6,,-9.1,,66,,29,,26,,16.1,,99.55,,,,-11,,NA
15/2/2017 22:00,2017,2,15,22:00,â¡,-3.9,,-9.6,,65,,30,,21,,16.1,,99.56,,,,-10,,NA
15/2/2017 23:00,2017,2,15,23:00,â¡,-4.1,,-9.4,,67,,32,,21,,16.1,,99.57,,,,-11,,NA
16/2/2017 0:00,2017,2,16,0:00,â¡,-4.4,,-9.1,,70,,33,,18,,16.1,,99.59,,,,-10,,NA
16/2/2017 1:00,2017,2,16,1:00,â¡,-4.9,,-8.8,,74,,30,,17,,16.1,,99.61,,,,-11,,Snow
16/2/2017 2:00,2017,2,16,2:00,â¡,-5.1,,-8.5,,77,,32,,15,,16.1,,99.64,,,,-11,,Snow
16/2/2017 3:00,2017,2,16,3:00,â¡,-6.1,,-10.2,,73,,32,,18,,16.1,,99.68,,,,-13,,NA
16/2/2017 4:00,2017,2,16,4:00,â¡,-6.8,,-11,,72,,33,,15,,16.1,,99.72,,,,-13,,NA
16/2/2017 5:00,2017,2,16,5:00,â¡,-7.9,,-11.9,,73,,32,,21,,16.1,,99.77,,,,-15,,NA
16/2/2017 6:00,2017,2,16,6:00,â¡,-8.2,,-12.4,,72,,31,,21,,16.1,,99.85,,,,-16,,NA
16/2/2017 7:00,2017,2,16,7:00,â¡,-8.3,,-12.5,,72,,30,,26,,16.1,,99.9,,,,-17,,NA
16/2/2017 8:00,2017,2,16,8:00,â¡,-8.8,,-13,,72,,32,,17,,16.1,,100.02,,,,-16,,NA
16/2/2017 9:00,2017,2,16,9:00,â¡,-8.2,,-12.9,,69,,32,,22,,16.1,,100.04,,,,-16,,NA
16/2/2017 10:00,2017,2,16,10:00,â¡,-7.5,,-13,,65,,32,,28,,16.1,,100.1,,,,-16,,NA
16/2/2017 11:00,2017,2,16,11:00,â¡,-6.3,,-12.2,,63,,33,,18,,16.1,,100.12,,,,-13,,NA
16/2/2017 12:00,2017,2,16,12:00,â¡,-4.7,,-11.2,,61,,31,,22,,16.1,,100.15,,,,-12,,NA
16/2/2017 13:00,2017,2,16,13:00,â¡,-3.9,,-11.4,,56,,32,,18,,16.1,,100.14,,,,-10,,NA
16/2/2017 14:00,2017,2,16,14:00,â¡,-2.9,,-11.2,,53,,31,,24,,16.1,,100.11,,,,-10,,NA
16/2/2017 15:00,2017,2,16,15:00,â¡,-2.2,,-11,,51,,29,,30,,16.1,,100.14,,,,-9,,NA
16/2/2017 16:00,2017,2,16,16:00,â¡,-2.2,,-10.6,,53,,29,,18,,16.1,,100.19,,,,-8,,NA
16/2/2017 17:00,2017,2,16,17:00,â¡,-2.7,,-11,,53,,31,,21,,16.1,,100.21,,,,-9,,NA
16/2/2017 18:00,2017,2,16,18:00,â¡,-3.5,,-10.6,,58,,29,,21,,16.1,,100.27,,,,-10,,NA
16/2/2017 19:00,2017,2,16,19:00,â¡,-4.5,,-10.5,,63,,28,,18,,16.1,,100.34,,,,-11,,NA
16/2/2017 20:00,2017,2,16,20:00,â¡,-5.1,,-10.5,,66,,30,,17,,16.1,,100.42,,,,-11,,NA
16/2/2017 21:00,2017,2,16,21:00,â¡,-5.8,,-10.6,,69,,30,,21,,16.1,,100.47,,,,-13,,NA
16/2/2017 22:00,2017,2,16,22:00,â¡,-6,,-10.8,,69,,31,,13,,16.1,,100.46,,,,-11,,NA
16/2/2017 23:00,2017,2,16,23:00,â¡,-6.2,,-10.6,,71,,31,,11,,16.1,,100.51,,,,-11,,NA
17/2/2017 0:00,2017,2,17,0:00,â¡,-6.2,,-10.3,,73,,30,,9,,16.1,,100.55,,,,-10,,NA
17/2/2017 1:00,2017,2,17,1:00,â¡,-6,,-10.3,,72,,33,,8,,16.1,,100.54,,,,-10,,NA
17/2/2017 2:00,2017,2,17,2:00,â¡,-5.9,,-10.2,,72,,34,,8,,16.1,,100.53,,,,-10,,NA
17/2/2017 3:00,2017,2,17,3:00,â¡,-5.6,,-9.9,,72,,28,,13,,16.1,,100.52,,,,-11,,NA
17/2/2017 4:00,2017,2,17,4:00,â¡,-5.6,,-10.1,,71,,30,,8,,16.1,,100.52,,,,-9,,NA
17/2/2017 5:00,2017,2,17,5:00,â¡,-5.6,,-9.9,,72,,,M,4,,16.1,,100.44,,,,-7,,NA
17/2/2017 6:00,2017,2,17,6:00,â¡,-5.4,,-9.5,,73,,26,,8,,16.1,,100.41,,,,-9,,NA
17/2/2017 7:00,2017,2,17,7:00,â¡,-5.2,,-9.3,,73,,28,,8,,16.1,,100.44,,,,-9,,NA
17/2/2017 8:00,2017,2,17,8:00,â¡,-5.3,,-9.2,,74,,,M,9,,16.1,,100.45,,,,-9,,NA
17/2/2017 9:00,2017,2,17,9:00,â¡,-3.9,,-9,,68,,,,0,,16.1,,100.48,,,,,,NA
17/2/2017 10:00,2017,2,17,10:00,â¡,-3.8,,-8.3,,71,,19,,8,,16.1,,100.48,,,,-7,,NA
17/2/2017 11:00,2017,2,17,11:00,â¡,-3.4,,-8.1,,70,,22,,8,,16.1,,100.48,,,,-7,,NA
17/2/2017 12:00,2017,2,17,12:00,â¡,-2.8,,-7.5,,70,,,M,4,,16.1,,100.41,,,,-4,,NA
17/2/2017 13:00,2017,2,17,13:00,â¡,-1.4,,-6.8,,67,,17,,5,,16.1,,100.34,,,,-3,,NA
17/2/2017 14:00,2017,2,17,14:00,â¡,-1.2,,-7,,65,,11,,9,,16.1,,100.23,,,,-4,,NA
17/2/2017 15:00,2017,2,17,15:00,â¡,-1.2,,-6,,70,,8,,11,,16.1,,100.21,,,,-5,,NA
17/2/2017 16:00,2017,2,17,16:00,â¡,-1.1,,-5.3,,73,,7,,15,,16.1,,100.2,,,,-6,,NA
17/2/2017 17:00,2017,2,17,17:00,â¡,-0.9,,-5.3,,72,,8,,13,,16.1,,100.18,,,,-5,,NA
17/2/2017 18:00,2017,2,17,18:00,â¡,-0.7,,-4.8,,74,,7,,17,,16.1,,100.14,,,,-6,,NA
17/2/2017 19:00,2017,2,17,19:00,â¡,-0.4,,-4.5,,74,,9,,11,,16.1,,100.09,,,,-4,,NA
17/2/2017 20:00,2017,2,17,20:00,â¡,0.1,,-3.1,,79,,8,,18,,16.1,,100.02,,,,,,NA
17/2/2017 21:00,2017,2,17,21:00,â¡,0.8,,-2.6,,78,,9,,15,,16.1,,100.02,,,,,,NA
17/2/2017 22:00,2017,2,17,22:00,â¡,1.2,,-2.6,,76,,9,,13,,16.1,,99.94,,,,,,NA
17/2/2017 23:00,2017,2,17,23:00,â¡,1.3,,-2.5,,76,,9,,13,,16.1,,99.84,,,,,,NA
18/2/2017 0:00,2017,2,18,0:00,â¡,0.6,,-1.8,,84,,6,,11,,16.1,,99.76,,,,,,NA
18/2/2017 1:00,2017,2,18,1:00,â¡,0.9,,-1.7,,83,,7,,8,,16.1,,99.72,,,,,,NA
18/2/2017 2:00,2017,2,18,2:00,â¡,0.3,,-1.6,,87,,6,,11,,16.1,,99.65,,,,,,NA
18/2/2017 3:00,2017,2,18,3:00,â¡,0.3,,-1.9,,85,,9,,8,,16.1,,99.55,,,,,,NA
18/2/2017 4:00,2017,2,18,4:00,â¡,0.1,,-1.1,,92,,5,,8,,16.1,,99.47,,,,,,NA
18/2/2017 5:00,2017,2,18,5:00,â¡,-0.7,,-1.8,,92,,,M,4,,16.1,,99.41,,,,-2,,NA
18/2/2017 6:00,2017,2,18,6:00,â¡,-1.3,,-2.5,,92,,,,0,,14.5,,99.37,,,,,,NA
18/2/2017 7:00,2017,2,18,7:00,â¡,-1.3,,-2.2,,93,,,,0,,12.9,,99.32,,,,,,NA
18/2/2017 8:00,2017,2,18,8:00,â¡,1.5,,-0.9,,84,,,,0,,16.1,,99.32,,,,,,NA
18/2/2017 9:00,2017,2,18,9:00,â¡,3.2,,0.8,,84,,,M,4,,16.1,,99.29,,,,,,NA
18/2/2017 10:00,2017,2,18,10:00,â¡,3.7,,1.3,,84,,24,,17,,16.1,,99.19,,,,,,NA
18/2/2017 11:00,2017,2,18,11:00,â¡,6.6,,2.1,,73,,24,,22,,16.1,,99.2,,,,,,NA
18/2/2017 12:00,2017,2,18,12:00,â¡,6.9,,3,,76,,22,,18,,16.1,,99.17,,,,,,NA
18/2/2017 13:00,2017,2,18,13:00,â¡,7.1,,3.2,,76,,21,,21,,16.1,,99.11,,,,,,NA
18/2/2017 14:00,2017,2,18,14:00,â¡,11.3,,3.7,,59,,26,,32,,16.1,,99.08,,,,,,NA
18/2/2017 15:00,2017,2,18,15:00,â¡,11.9,,3.5,,56,,26,,32,,16.1,,99.13,,,,,,NA
18/2/2017 16:00,2017,2,18,16:00,â¡,12.7,,3.6,,54,,26,,32,,16.1,,99.18,,,,,,NA
18/2/2017 17:00,2017,2,18,17:00,â¡,12.2,,3.5,,55,,28,,18,,16.1,,99.23,,,,,,NA
18/2/2017 18:00,2017,2,18,18:00,â¡,11.6,,3.4,,57,,30,,18,,16.1,,99.33,,,,,,NA
18/2/2017 19:00,2017,2,18,19:00,â¡,10.4,,3.4,,62,,28,,18,,16.1,,99.43,,,,,,NA
18/2/2017 20:00,2017,2,18,20:00,â¡,9.2,,3.2,,66,,27,,21,,16.1,,99.46,,,,,,NA
18/2/2017 21:00,2017,2,18,21:00,â¡,8.6,,3.1,,68,,27,,21,,16.1,,99.48,,,,,,NA
18/2/2017 22:00,2017,2,18,22:00,â¡,8.7,,3.2,,68,,28,,18,,16.1,,99.55,,,,,,NA
18/2/2017 23:00,2017,2,18,23:00,â¡,8.1,,3.3,,72,,30,,13,,16.1,,99.6,,,,,,NA
19/2/2017 0:00,2017,2,19,0:00,â¡,8.1,,2.9,,69,,32,,11,,16.1,,99.63,,,,,,NA
19/2/2017 1:00,2017,2,19,1:00,â¡,6.1,,1.4,,72,,30,,9,,16.1,,99.67,,,,,,NA
19/2/2017 2:00,2017,2,19,2:00,â¡,4.2,,0.8,,79,,27,,9,,16.1,,99.71,,,,,,NA
19/2/2017 3:00,2017,2,19,3:00,â¡,7.5,,1.8,,67,,31,,11,,16.1,,99.81,,,,,,NA
19/2/2017 4:00,2017,2,19,4:00,â¡,5.8,,1.3,,73,,28,,11,,16.1,,99.85,,,,,,NA
19/2/2017 5:00,2017,2,19,5:00,â¡,4.4,,1,,78,,27,,11,,16.1,,99.93,,,,,,NA
19/2/2017 6:00,2017,2,19,6:00,â¡,4,,1.1,,82,,27,,11,,16.1,,100.02,,,,,,NA
19/2/2017 7:00,2017,2,19,7:00,â¡,3.1,,1.5,,89,,26,,8,,16.1,,100.11,,,,,,NA
19/2/2017 8:00,2017,2,19,8:00,â¡,3.5,,1.7,,88,,23,,11,,16.1,,100.18,,,,,,NA
19/2/2017 9:00,2017,2,19,9:00,â¡,3.5,,1.9,,89,,22,,5,,16.1,,100.24,,,,,,NA
19/2/2017 10:00,2017,2,19,10:00,â¡,6.4,,2.9,,78,,24,,11,,16.1,,100.27,,,,,,NA
19/2/2017 11:00,2017,2,19,11:00,â¡,10,,2.7,,60,,26,,21,,16.1,,100.29,,,,,,NA
19/2/2017 12:00,2017,2,19,12:00,â¡,11.9,,2.9,,54,,26,,18,,16.1,,100.31,,,,,,NA
19/2/2017 13:00,2017,2,19,13:00,â¡,12.6,,1.9,,48,,27,,28,,16.1,,100.29,,,,,,NA
19/2/2017 14:00,2017,2,19,14:00,â¡,12.5,,1.1,,46,,27,,34,,16.1,,100.3,,,,,,NA
19/2/2017 15:00,2017,2,19,15:00,â¡,12.1,,1.5,,48,,27,,32,,16.1,,100.34,,,,,,NA
19/2/2017 16:00,2017,2,19,16:00,â¡,11.8,,0.9,,47,,30,,24,,16.1,,100.49,,,,,,NA
19/2/2017 17:00,2017,2,19,17:00,â¡,9.9,,0.9,,54,,35,,15,,16.1,,100.62,,,,,,NA
19/2/2017 18:00,2017,2,19,18:00,â¡,8.2,,0,,56,,32,,15,,16.1,,100.77,,,,,,NA
19/2/2017 19:00,2017,2,19,19:00,â¡,7.2,,-0.3,,59,,34,,15,,16.1,,100.88,,,,,,NA
19/2/2017 20:00,2017,2,19,20:00,â¡,5.9,,-0.8,,62,,31,,13,,16.1,,100.97,,,,,,NA
19/2/2017 21:00,2017,2,19,21:00,â¡,5.8,,-1,,62,,33,,9,,16.1,,101.03,,,,,,NA
19/2/2017 22:00,2017,2,19,22:00,â¡,4.7,,-1.1,,66,,30,,9,,16.1,,101.13,,,,,,NA
19/2/2017 23:00,2017,2,19,23:00,â¡,4.4,,-1.2,,67,,33,,11,,16.1,,101.14,,,,,,NA
20/2/2017 0:00,2017,2,20,0:00,â¡,4.7,,-1,,67,,34,,11,,16.1,,101.17,,,,,,NA
20/2/2017 1:00,2017,2,20,1:00,â¡,4.2,,-0.8,,70,,33,,17,,16.1,,101.22,,,,,,NA
20/2/2017 2:00,2017,2,20,2:00,â¡,3.5,,-0.9,,73,,33,,17,,16.1,,101.3,,,,,,NA
20/2/2017 3:00,2017,2,20,3:00,â¡,3.1,,-1,,75,,33,,17,,16.1,,101.37,,,,,,NA
20/2/2017 4:00,2017,2,20,4:00,â¡,3.2,,-1.7,,70,,35,,17,,16.1,,101.43,,,,,,NA
20/2/2017 5:00,2017,2,20,5:00,â¡,2.6,,-3.1,,66,,36,,15,,16.1,,101.58,,,,,,NA
20/2/2017 6:00,2017,2,20,6:00,â¡,2.1,,-3.6,,66,,1,,9,,16.1,,101.67,,,,,,NA
20/2/2017 7:00,2017,2,20,7:00,â¡,1.8,,-4.3,,64,,2,,13,,16.1,,101.74,,,,,,NA
20/2/2017 8:00,2017,2,20,8:00,â¡,1.2,,-4.3,,67,,6,,15,,16.1,,101.87,,,,,,NA
20/2/2017 9:00,2017,2,20,9:00,â¡,1.9,,-4,,65,,7,,15,,16.1,,101.95,,,,,,NA
20/2/2017 10:00,2017,2,20,10:00,â¡,2.2,,-3.5,,66,,8,,17,,16.1,,101.98,,,,,,NA
20/2/2017 11:00,2017,2,20,11:00,â¡,2.6,,-3.2,,66,,9,,13,,16.1,,102.02,,,,,,NA
20/2/2017 12:00,2017,2,20,12:00,â¡,2.5,,-3.2,,66,,9,,17,,16.1,,101.95,,,,,,NA
20/2/2017 13:00,2017,2,20,13:00,â¡,2.8,,-3.3,,64,,10,,15,,16.1,,101.88,,,,,,NA
20/2/2017 14:00,2017,2,20,14:00,â¡,2.8,,-2.7,,67,,13,,17,,16.1,,101.93,,,,,,NA
20/2/2017 15:00,2017,2,20,15:00,â¡,3.1,,-2.4,,67,,13,,13,,16.1,,101.9,,,,,,NA
20/2/2017 16:00,2017,2,20,16:00,â¡,3,,-2.8,,66,,12,,13,,16.1,,101.93,,,,,,NA
20/2/2017 17:00,2017,2,20,17:00,â¡,2.1,,-2.6,,71,,9,,17,,16.1,,101.9,,,,,,NA
20/2/2017 18:00,2017,2,20,18:00,â¡,1.5,,-3,,72,,8,,11,,16.1,,101.9,,,,,,NA
20/2/2017 19:00,2017,2,20,19:00,â¡,1.3,,-3,,73,,7,,18,,16.1,,101.9,,,,,,NA
20/2/2017 20:00,2017,2,20,20:00,â¡,1.7,,-3.2,,70,,8,,17,,16.1,,101.88,,,,,,NA
20/2/2017 21:00,2017,2,20,21:00,â¡,1.9,,-4.4,,63,,8,,21,,16.1,,101.85,,,,,,NA
20/2/2017 22:00,2017,2,20,22:00,â¡,2.3,,-4.9,,59,,9,,24,,16.1,,101.74,,,,,,NA
20/2/2017 23:00,2017,2,20,23:00,â¡,2.2,,-5.5,,57,,9,,24,,16.1,,101.67,,,,,,NA
21/2/2017 0:00,2017,2,21,0:00,â¡,1.9,,-6.7,,53,,9,,30,,16.1,,101.59,,,,,,NA
21/2/2017 1:00,2017,2,21,1:00,â¡,1.8,,-4.9,,61,,9,,30,,16.1,,101.52,,,,,,NA
21/2/2017 2:00,2017,2,21,2:00,â¡,1.9,,-5.1,,60,,8,,26,,16.1,,101.45,,,,,,NA
21/2/2017 3:00,2017,2,21,3:00,â¡,2,,-4.4,,62,,7,,32,,16.1,,101.34,,,,,,NA
21/2/2017 4:00,2017,2,21,4:00,â¡,2,,-4.1,,64,,7,,35,,16.1,,101.21,,,,,,NA
21/2/2017 5:00,2017,2,21,5:00,â¡,2.1,,-3.2,,68,,8,,26,,16.1,,101.14,,,,,,NA
21/2/2017 6:00,2017,2,21,6:00,â¡,2.3,,-2.4,,71,,7,,24,,16.1,,101.07,,,,,,NA
21/2/2017 7:00,2017,2,21,7:00,â¡,2,,-1.6,,77,,7,,26,,16.1,,100.96,,,,,,NA
21/2/2017 8:00,2017,2,21,8:00,â¡,2.2,,-1.4,,77,,7,,22,,16.1,,100.93,,,,,,NA
21/2/2017 9:00,2017,2,21,9:00,â¡,3,,-0.6,,77,,7,,22,,16.1,,100.88,,,,,,NA
21/2/2017 10:00,2017,2,21,10:00,â¡,3.4,,-0.1,,78,,7,,22,,16.1,,100.77,,,,,,NA
21/2/2017 11:00,2017,2,21,11:00,â¡,3.3,,0.4,,81,,6,,22,,16.1,,100.71,,,,,,NA
21/2/2017 12:00,2017,2,21,12:00,â¡,3.8,,0.4,,78,,7,,15,,16.1,,100.68,,,,,,NA
21/2/2017 13:00,2017,2,21,13:00,â¡,4.6,,0.2,,73,,8,,15,,16.1,,100.58,,,,,,NA
21/2/2017 14:00,2017,2,21,14:00,â¡,4.4,,0.7,,77,,10,,11,,16.1,,100.52,,,,,,NA
21/2/2017 15:00,2017,2,21,15:00,â¡,3.9,,1.3,,83,,9,,5,,4.8,,100.55,,,,,,"Heavy Rain,Fog"
21/2/2017 16:00,2017,2,21,16:00,â¡,3.2,,2,,92,,8,,15,,16.1,,100.41,,,,,,Rain
21/2/2017 17:00,2017,2,21,17:00,â¡,3.3,,2.4,,94,,4,,9,,16.1,,100.53,,,,,,NA
21/2/2017 18:00,2017,2,21,18:00,â¡,3.5,,2.3,,92,,9,,5,,16.1,,100.51,,,,,,NA
21/2/2017 19:00,2017,2,21,19:00,â¡,3,,2.1,,94,,8,,9,,16.1,,100.49,,,,,,NA
21/2/2017 20:00,2017,2,21,20:00,â¡,3.4,,2.2,,92,,,,0,,16.1,,100.52,,,,,,NA
21/2/2017 21:00,2017,2,21,21:00,â¡,3.6,,2.6,,93,,27,,5,,16.1,,100.55,,,,,,NA
21/2/2017 22:00,2017,2,21,22:00,â¡,3,,2,,93,,16,,5,,16.1,,100.52,,,,,,NA
21/2/2017 23:00,2017,2,21,23:00,â¡,2.6,,2,,96,,6,,8,,16.1,,100.51,,,,,,NA
22/2/2017 0:00,2017,2,22,0:00,â¡,3.8,,1.5,,85,,9,,8,,16.1,,100.51,,,,,,NA
22/2/2017 1:00,2017,2,22,1:00,â¡,3.4,,2.2,,92,,8,,8,,16.1,,100.49,,,,,,NA
22/2/2017 2:00,2017,2,22,2:00,â¡,3.7,,2.1,,89,,9,,8,,16.1,,100.46,,,,,,NA
22/2/2017 3:00,2017,2,22,3:00,â¡,3.8,,2.6,,92,,3,,5,,16.1,,100.46,,,,,,NA
22/2/2017 4:00,2017,2,22,4:00,â¡,3.5,,2.9,,96,,8,,9,,1.6,,100.4,,,,,,Fog
22/2/2017 5:00,2017,2,22,5:00,â¡,3.7,,3.4,,98,,,M,4,,0.4,,100.45,,,,,,Fog
22/2/2017 6:00,2017,2,22,6:00,â¡,4,,3.7,,98,,8,,5,,0.4,,100.44,,,,,,Fog
22/2/2017 7:00,2017,2,22,7:00,â¡,3.5,,3.4,,99,,8,,13,,0.4,,100.39,,,,,,Fog
22/2/2017 8:00,2017,2,22,8:00,â¡,3.5,,3.4,,99,,8,,13,,0.4,,100.38,,,,,,Fog
22/2/2017 9:00,2017,2,22,9:00,â¡,3.9,,3.8,,99,,10,,11,,0.4,,100.36,,,,,,Fog
22/2/2017 10:00,2017,2,22,10:00,â¡,3.7,,3.6,,99,,7,,17,,0.2,,100.35,,,,,,"Rain,Fog"
22/2/2017 11:00,2017,2,22,11:00,â¡,4.5,,4.4,,99,,7,,17,,0.2,,100.3,,,,,,"Rain,Fog"
22/2/2017 12:00,2017,2,22,12:00,â¡,5.7,,5.6,,99,,6,,18,,3.2,,100.24,,,,,,Fog
22/2/2017 13:00,2017,2,22,13:00,â¡,5.7,,5.6,,99,,8,,15,,12.9,,100.2,,,,,,NA
22/2/2017 14:00,2017,2,22,14:00,â¡,6.1,,5.8,,98,,7,,15,,14.5,,100.09,,,,,,NA
22/2/2017 15:00,2017,2,22,15:00,â¡,4.8,,4.4,,97,,7,,17,,1.2,,100.07,,,,,,Fog
22/2/2017 16:00,2017,2,22,16:00,â¡,4.5,,4.1,,97,,8,,13,,1.2,,100.01,,,,,,Fog
22/2/2017 17:00,2017,2,22,17:00,â¡,3.6,,3.3,,98,,7,,15,,0.4,,99.97,,,,,,Fog
22/2/2017 18:00,2017,2,22,18:00,â¡,4.1,,3.8,,98,,8,,13,,11.3,,99.93,,,,,,NA
22/2/2017 19:00,2017,2,22,19:00,â¡,4.5,,3.9,,96,,8,,15,,12.9,,99.94,,,,,,NA
22/2/2017 20:00,2017,2,22,20:00,â¡,5.1,,4.2,,94,,9,,13,,11.3,,99.93,,,,,,NA
22/2/2017 21:00,2017,2,22,21:00,â¡,4.6,,3.7,,94,,8,,11,,9.7,,99.9,,,,,,Fog
22/2/2017 22:00,2017,2,22,22:00,â¡,4.9,,3.9,,93,,7,,9,,8.1,,99.85,,,,,,Fog
22/2/2017 23:00,2017,2,22,23:00,â¡,5.3,,4.6,,95,,7,,8,,6.4,,99.77,,,,,,Fog
23/2/2017 0:00,2017,2,23,0:00,â¡,5.9,,5.2,,95,,,M,4,,6.4,,99.72,,,,,,Fog
23/2/2017 1:00,2017,2,23,1:00,â¡,6.3,,5.7,,96,,,,0,,4.8,,99.66,,,,,,Fog
23/2/2017 2:00,2017,2,23,2:00,â¡,6.8,,6.2,,96,,,,0,,4.8,,99.66,,,,,,Fog
23/2/2017 3:00,2017,2,23,3:00,â¡,5.9,,5.4,,97,,,,0,,6.4,,99.59,,,,,,Fog
23/2/2017 4:00,2017,2,23,4:00,â¡,8.2,,7.5,,95,,,,0,,9.7,,99.55,,,,,,Fog
23/2/2017 5:00,2017,2,23,5:00,â¡,7.8,,7.1,,95,,,M,4,,9.7,,99.5,,,,,,Fog
23/2/2017 6:00,2017,2,23,6:00,â¡,7.9,,7.2,,95,,26,,9,,9.7,,99.47,,,,,,Fog
23/2/2017 7:00,2017,2,23,7:00,â¡,7.5,,6.9,,96,,24,,8,,8.1,,99.43,,,,,,Fog
23/2/2017 8:00,2017,2,23,8:00,â¡,6.8,,6.1,,95,,,M,4,,6.4,,99.43,,,,,,Fog
23/2/2017 9:00,2017,2,23,9:00,â¡,7.4,,6.8,,96,,26,,9,,6.4,,99.4,,,,,,Fog
23/2/2017 10:00,2017,2,23,10:00,â¡,7.6,,6.7,,94,,26,,13,,8.1,,99.4,,,,,,Fog
23/2/2017 11:00,2017,2,23,11:00,â¡,7.9,,6.7,,92,,25,,15,,9.7,,99.42,,,,,,Fog
23/2/2017 12:00,2017,2,23,12:00,â¡,9.4,,7.8,,90,,21,,26,,11.3,,99.45,,,,,,NA
23/2/2017 13:00,2017,2,23,13:00,â¡,9.6,,7.2,,85,,21,,22,,16.1,,99.43,,,,,,NA
23/2/2017 14:00,2017,2,23,14:00,â¡,17.5,,7,,50,,26,,28,,16.1,,99.46,,,,,,NA
23/2/2017 15:00,2017,2,23,15:00,â¡,17.2,,7.1,,51,,29,,30,,16.1,,99.59,,,,,,NA
23/2/2017 16:00,2017,2,23,16:00,â¡,13.5,,6,,60,,30,,32,,16.1,,99.77,,,,,,NA
23/2/2017 17:00,2017,2,23,17:00,â¡,11.7,,4.7,,62,,31,,26,,16.1,,99.9,,,,,,NA
23/2/2017 18:00,2017,2,23,18:00,â¡,10,,4.2,,67,,32,,26,,16.1,,100.01,,,,,,NA
23/2/2017 19:00,2017,2,23,19:00,â¡,8.5,,3.8,,72,,30,,21,,16.1,,100.14,,,,,,NA
23/2/2017 20:00,2017,2,23,20:00,â¡,7.5,,3.2,,74,,30,,8,,16.1,,100.21,,,,,,NA
23/2/2017 21:00,2017,2,23,21:00,â¡,7.3,,2.8,,73,,31,,8,,16.1,,100.24,,,,,,NA
23/2/2017 22:00,2017,2,23,22:00,â¡,7,,3.3,,77,,33,,9,,16.1,,100.27,,,,,,NA
23/2/2017 23:00,2017,2,23,23:00,â¡,5.8,,3.5,,85,,8,,15,,16.1,,100.3,,,,,,NA
24/2/2017 0:00,2017,2,24,0:00,â¡,5.8,,2.1,,77,,3,,22,,16.1,,100.29,,,,,,NA
24/2/2017 1:00,2017,2,24,1:00,â¡,5.4,,1.7,,77,,36,,9,,16.1,,100.34,,,,,,NA
24/2/2017 2:00,2017,2,24,2:00,â¡,5.4,,1.7,,77,,2,,11,,16.1,,100.36,,,,,,NA
24/2/2017 3:00,2017,2,24,3:00,â¡,5.4,,1.9,,78,,3,,8,,16.1,,100.28,,,,,,NA
24/2/2017 4:00,2017,2,24,4:00,â¡,4.8,,1.9,,81,,4,,11,,16.1,,100.25,,,,,,NA
24/2/2017 5:00,2017,2,24,5:00,â¡,4.7,,2.1,,83,,6,,22,,16.1,,100.15,,,,,,NA
24/2/2017 6:00,2017,2,24,6:00,â¡,4.9,,2.8,,86,,6,,26,,16.1,,100.12,,,,,,NA
24/2/2017 7:00,2017,2,24,7:00,â¡,4.5,,2.7,,88,,7,,34,,16.1,,99.99,,,,,,NA
24/2/2017 8:00,2017,2,24,8:00,â¡,3.9,,3,,94,,6,,39,,16.1,,99.95,,,,,,Rain
24/2/2017 9:00,2017,2,24,9:00,â¡,3.7,,3,,95,,7,,30,,16.1,,100.02,,,,,,Rain
24/2/2017 10:00,2017,2,24,10:00,â¡,3.6,,2.9,,95,,7,,41,,16.1,,99.84,,,,,,Rain
24/2/2017 11:00,2017,2,24,11:00,â¡,3.7,,2.8,,94,,6,,35,,16.1,,99.81,,,,,,NA
24/2/2017 12:00,2017,2,24,12:00,â¡,3.8,,2.8,,93,,7,,34,,16.1,,99.76,,,,,,NA
24/2/2017 13:00,2017,2,24,13:00,â¡,4.2,,3,,92,,7,,32,,16.1,,99.68,,,,,,NA
24/2/2017 14:00,2017,2,24,14:00,â¡,4.2,,3,,92,,7,,34,,16.1,,99.62,,,,,,NA
24/2/2017 15:00,2017,2,24,15:00,â¡,4.2,,3.2,,93,,7,,37,,16.1,,99.6,,,,,,NA
24/2/2017 16:00,2017,2,24,16:00,â¡,4.2,,3.2,,93,,6,,34,,16.1,,99.62,,,,,,NA
24/2/2017 17:00,2017,2,24,17:00,â¡,4.1,,3.4,,95,,7,,35,,16.1,,99.46,,,,,,NA
24/2/2017 18:00,2017,2,24,18:00,â¡,4.2,,3.6,,96,,6,,28,,12.9,,99.6,,,,,,NA
24/2/2017 19:00,2017,2,24,19:00,â¡,3.9,,3.5,,97,,9,,18,,6.4,,99.57,,,,,,Fog
24/2/2017 20:00,2017,2,24,20:00,â¡,3.7,,3.3,,97,,8,,35,,14.5,,99.35,,,,,,NA
24/2/2017 21:00,2017,2,24,21:00,â¡,3.4,,3,,97,,7,,22,,4,,99.4,,,,,,Fog
24/2/2017 22:00,2017,2,24,22:00,â¡,3.3,,3,,98,,8,,26,,11.3,,99.25,,,,,,NA
24/2/2017 23:00,2017,2,24,23:00,â¡,3.2,,2.9,,98,,7,,26,,6.4,,99.22,,,,,,Fog
25/2/2017 0:00,2017,2,25,0:00,â¡,3.1,,2.8,,98,,6,,21,,6.4,,99.27,,,,,,"Thunderstorms,Rain,Fog"
25/2/2017 1:00,2017,2,25,1:00,â¡,3.2,,2.9,,98,,7,,28,,12.9,,99.06,,,,,,NA
25/2/2017 2:00,2017,2,25,2:00,â¡,3,,2.9,,99,,7,,22,,1.2,,99.18,,,,,,"Rain,Fog"
25/2/2017 3:00,2017,2,25,3:00,â¡,3.3,,3.2,,99,,6,,24,,6.4,,99.04,,,,,,"Rain,Fog"
25/2/2017 4:00,2017,2,25,4:00,â¡,3.3,,3.2,,99,,7,,26,,8.1,,98.96,,,,,,"Rain,Fog"
25/2/2017 5:00,2017,2,25,5:00,â¡,3.6,,3.5,,99,,8,,24,,8.1,,98.91,,,,,,"Rain,Fog"
25/2/2017 6:00,2017,2,25,6:00,â¡,4.3,,4.2,,99,,6,,17,,6.4,,98.8,,,,,,Fog
25/2/2017 7:00,2017,2,25,7:00,â¡,5.2,,5.1,,99,,10,,13,,4.8,,98.73,,,,,,Fog
25/2/2017 8:00,2017,2,25,8:00,â¡,5.3,,5.2,,99,,11,,5,,2.4,,98.77,,,,,,"Rain,Fog"
25/2/2017 9:00,2017,2,25,9:00,â¡,6.3,,6.2,,99,,22,,8,,2.8,,98.75,,,,,,Fog
25/2/2017 10:00,2017,2,25,10:00,â¡,7.1,,6,,93,,27,,21,,16.1,,98.88,,,,,,NA
25/2/2017 11:00,2017,2,25,11:00,â¡,6.8,,1.7,,70,,24,,28,,16.1,,98.91,,,,,,NA
25/2/2017 12:00,2017,2,25,12:00,â¡,6.7,,2,,72,,24,,21,,16.1,,98.96,,,,,,NA
25/2/2017 13:00,2017,2,25,13:00,â¡,7.2,,2.5,,72,,23,,22,,16.1,,98.89,,,,,,NA
25/2/2017 14:00,2017,2,25,14:00,â¡,7.4,,-0.9,,56,,26,,48,,16.1,,98.92,,,,,,NA
25/2/2017 15:00,2017,2,25,15:00,â¡,5.2,,-0.8,,65,,27,,37,,16.1,,99.09,,,,,,NA
25/2/2017 16:00,2017,2,25,16:00,â¡,4.3,,-4.1,,54,,28,,45,,16.1,,99.12,,,,,,NA
25/2/2017 17:00,2017,2,25,17:00,â¡,3.1,,-5.3,,54,,27,,48,,16.1,,99.24,,,,,,NA
25/2/2017 18:00,2017,2,25,18:00,â¡,2.2,,-5.5,,57,,27,,41,,16.1,,99.35,,,,,,NA
25/2/2017 19:00,2017,2,25,19:00,â¡,1.8,,-5.7,,57,,27,,37,,16.1,,99.49,,,,,,NA
25/2/2017 20:00,2017,2,25,20:00,â¡,1.1,,-6.9,,55,,26,,37,,16.1,,99.68,,,,,,NA
25/2/2017 21:00,2017,2,25,21:00,â¡,0,,-5.8,,65,,26,,35,,16.1,,99.86,,,,-7,,NA
25/2/2017 22:00,2017,2,25,22:00,â¡,-0.3,,-6.4,,64,,26,,34,,16.1,,99.95,,,,-7,,NA
25/2/2017 23:00,2017,2,25,23:00,â¡,-0.7,,-6.8,,64,,26,,35,,16.1,,100.02,,,,-8,,NA
26/2/2017 0:00,2017,2,26,0:00,â¡,-1,,-7.2,,63,,26,,35,,16.1,,100.07,,,,-8,,NA
26/2/2017 1:00,2017,2,26,1:00,â¡,-1.4,,-6.7,,67,,29,,35,,12.9,,100.14,,,,-9,,Snow
26/2/2017 2:00,2017,2,26,2:00,â¡,-2.1,,-10,,55,,28,,28,,16.1,,100.21,,,,-9,,NA
26/2/2017 3:00,2017,2,26,3:00,â¡,-2.4,,-10.5,,54,,28,,26,,16.1,,100.28,,,,-9,,NA
26/2/2017 4:00,2017,2,26,4:00,â¡,-2.5,,-9.9,,57,,27,,21,,16.1,,100.35,,,,-9,,NA
26/2/2017 5:00,2017,2,26,5:00,â¡,-2.2,,-9.6,,57,,27,,28,,16.1,,100.44,,,,-9,,NA
26/2/2017 6:00,2017,2,26,6:00,â¡,-1.8,,-9.1,,58,,26,,24,,16.1,,100.52,,,,-8,,NA
26/2/2017 7:00,2017,2,26,7:00,â¡,-1.8,,-7.2,,67,,25,,28,,16.1,,100.6,,,,-9,,Snow
26/2/2017 8:00,2017,2,26,8:00,â¡,-1.5,,-6.3,,70,,25,,26,,16.1,,100.7,,,,-8,,Snow
26/2/2017 9:00,2017,2,26,9:00,â¡,-1.5,,-6.3,,70,,26,,28,,16.1,,100.77,,,,-8,,Snow
26/2/2017 10:00,2017,2,26,10:00,â¡,-0.8,,-7.5,,60,,28,,28,,16.1,,100.82,,,,-7,,Snow
26/2/2017 11:00,2017,2,26,11:00,â¡,0.4,,-8.9,,50,,26,,28,,16.1,,100.84,,,,,,NA
26/2/2017 12:00,2017,2,26,12:00,â¡,0.4,,-6,,62,,24,,32,,16.1,,100.89,,,,,,NA
26/2/2017 13:00,2017,2,26,13:00,â¡,1,,-7.1,,55,,22,,28,,16.1,,100.86,,,,,,NA
26/2/2017 14:00,2017,2,26,14:00,â¡,1.5,,-7.6,,51,,22,,28,,16.1,,100.84,,,,,,NA
26/2/2017 15:00,2017,2,26,15:00,â¡,2.1,,-6.3,,54,,21,,34,,16.1,,100.79,,,,,,NA
26/2/2017 16:00,2017,2,26,16:00,â¡,2.2,,-7.2,,50,,21,,37,,16.1,,100.74,,,,,,NA
26/2/2017 17:00,2017,2,26,17:00,â¡,2,,-5.3,,59,,22,,39,,16.1,,100.75,,,,,,NA
26/2/2017 18:00,2017,2,26,18:00,â¡,1.5,,-5.2,,61,,22,,39,,16.1,,100.77,,,,,,NA
26/2/2017 19:00,2017,2,26,19:00,â¡,1.5,,-5.8,,58,,22,,35,,16.1,,100.76,,,,,,NA
26/2/2017 20:00,2017,2,26,20:00,â¡,1.7,,-4.4,,64,,22,,35,,16.1,,100.79,,,,,,NA
26/2/2017 21:00,2017,2,26,21:00,â¡,2.3,,-3.7,,65,,22,,39,,16.1,,100.8,,,,,,NA
26/2/2017 22:00,2017,2,26,22:00,â¡,2.5,,-2.2,,71,,22,,34,,16.1,,100.79,,,,,,NA
26/2/2017 23:00,2017,2,26,23:00,â¡,2.8,,-1.8,,72,,22,,30,,16.1,,100.77,,,,,,NA
27/2/2017 0:00,2017,2,27,0:00,â¡,3.2,,-1.7,,70,,22,,35,,16.1,,100.75,,,,,,NA
27/2/2017 1:00,2017,2,27,1:00,â¡,3.5,,-2.3,,66,,23,,30,,16.1,,100.79,,,,,,NA
27/2/2017 2:00,2017,2,27,2:00,â¡,3.7,,-2.3,,65,,23,,28,,16.1,,100.84,,,,,,NA
27/2/2017 3:00,2017,2,27,3:00,â¡,3.9,,-2.5,,63,,23,,28,,16.1,,100.89,,,,,,NA
27/2/2017 4:00,2017,2,27,4:00,â¡,3.7,,-2.3,,65,,24,,28,,16.1,,100.92,,,,,,NA
27/2/2017 5:00,2017,2,27,5:00,â¡,3.3,,-2.4,,66,,24,,26,,16.1,,100.95,,,,,,NA
27/2/2017 6:00,2017,2,27,6:00,â¡,3,,-2.1,,69,,24,,30,,16.1,,101.04,,,,,,NA
27/2/2017 7:00,2017,2,27,7:00,â¡,2.7,,-2.2,,70,,25,,26,,16.1,,101.15,,,,,,NA
27/2/2017 8:00,2017,2,27,8:00,â¡,3.3,,-1.3,,72,,24,,21,,16.1,,101.25,,,,,,NA
27/2/2017 9:00,2017,2,27,9:00,â¡,4.3,,-1.1,,68,,24,,24,,16.1,,101.3,,,,,,NA
27/2/2017 10:00,2017,2,27,10:00,â¡,5.8,,-1.8,,58,,25,,22,,16.1,,101.33,,,,,,NA
27/2/2017 11:00,2017,2,27,11:00,â¡,7.1,,-1.1,,56,,26,,22,,16.1,,101.4,,,,,,NA
27/2/2017 12:00,2017,2,27,12:00,â¡,7.5,,0.2,,60,,24,,18,,16.1,,101.43,,,,,,NA
27/2/2017 13:00,2017,2,27,13:00,â¡,7.2,,1,,65,,21,,18,,16.1,,101.37,,,,,,NA
27/2/2017 14:00,2017,2,27,14:00,â¡,8.9,,-3.7,,41,,27,,24,,16.1,,101.33,,,,,,NA
27/2/2017 15:00,2017,2,27,15:00,â¡,9.8,,-4,,38,,28,,22,,16.1,,101.33,,,,,,NA
27/2/2017 16:00,2017,2,27,16:00,â¡,9.5,,-4.9,,36,,26,,22,,16.1,,101.39,,,,,,NA
27/2/2017 17:00,2017,2,27,17:00,â¡,8.7,,-4.9,,38,,27,,18,,16.1,,101.44,,,,,,NA
27/2/2017 18:00,2017,2,27,18:00,â¡,7.9,,-5.3,,39,,28,,13,,16.1,,101.49,,,,,,NA
27/2/2017 19:00,2017,2,27,19:00,â¡,6.1,,-1.8,,57,,21,,9,,16.1,,101.5,,,,,,NA
27/2/2017 20:00,2017,2,27,20:00,â¡,5.4,,-3.2,,54,,18,,11,,16.1,,101.55,,,,,,NA
27/2/2017 21:00,2017,2,27,21:00,â¡,5.2,,-2.9,,56,,,M,4,,16.1,,101.55,,,,,,NA
27/2/2017 22:00,2017,2,27,22:00,â¡,4,,-0.7,,71,,8,,13,,16.1,,101.59,,,,,,NA
27/2/2017 23:00,2017,2,27,23:00,â¡,2.7,,-1.4,,75,,11,,9,,16.1,,101.58,,,,,,NA
28/2/2017 0:00,2017,2,28,0:00,â¡,3.1,,-0.5,,78,,7,,11,,16.1,,101.6,,,,,,NA
28/2/2017 1:00,2017,2,28,1:00,â¡,3,,-0.5,,78,,10,,9,,16.1,,101.61,,,,,,NA
28/2/2017 2:00,2017,2,28,2:00,â¡,2.6,,0.2,,84,,7,,8,,16.1,,101.59,,,,,,NA
28/2/2017 3:00,2017,2,28,3:00,â¡,2.8,,0.5,,85,,9,,5,,16.1,,101.59,,,,,,NA
28/2/2017 4:00,2017,2,28,4:00,â¡,2.5,,0.7,,88,,,,0,,16.1,,101.58,,,,,,NA
28/2/2017 5:00,2017,2,28,5:00,â¡,2.7,,0.1,,83,,9,,9,,16.1,,101.52,,,,,,NA
28/2/2017 6:00,2017,2,28,6:00,â¡,2.2,,0.9,,91,,7,,17,,11.3,,101.47,,,,,,NA
28/2/2017 7:00,2017,2,28,7:00,â¡,2.5,,1.2,,91,,8,,17,,14.5,,101.44,,,,,,NA
28/2/2017 8:00,2017,2,28,8:00,â¡,3.2,,1.9,,91,,7,,17,,12.9,,101.39,,,,,,NA
28/2/2017 9:00,2017,2,28,9:00,â¡,3.8,,1.8,,87,,7,,11,,16.1,,101.37,,,,,,NA
28/2/2017 10:00,2017,2,28,10:00,â¡,4.6,,2.2,,85,,7,,13,,16.1,,101.3,,,,,,NA
28/2/2017 11:00,2017,2,28,11:00,â¡,5.8,,2.6,,80,,7,,18,,16.1,,101.12,,,,,,NA
28/2/2017 12:00,2017,2,28,12:00,â¡,4.7,,2.2,,84,,8,,24,,16.1,,101.02,,,,,,NA
28/2/2017 13:00,2017,2,28,13:00,â¡,5.1,,2.6,,84,,7,,22,,16.1,,100.9,,,,,,NA
28/2/2017 14:00,2017,2,28,14:00,â¡,5.2,,2.7,,84,,7,,26,,16.1,,100.65,,,,,,NA
28/2/2017 15:00,2017,2,28,15:00,â¡,5.2,,3.1,,86,,6,,26,,16.1,,100.53,,,,,,NA
28/2/2017 16:00,2017,2,28,16:00,â¡,5.9,,3.1,,82,,7,,26,,16.1,,100.42,,,,,,NA
28/2/2017 17:00,2017,2,28,17:00,â¡,6,,3.3,,83,,7,,22,,16.1,,100.31,,,,,,NA
28/2/2017 18:00,2017,2,28,18:00,â¡,5.8,,3.2,,83,,9,,13,,16.1,,100.22,,,,,,NA
28/2/2017 19:00,2017,2,28,19:00,â¡,6.5,,3.3,,80,,8,,18,,16.1,,100.1,,,,,,NA
28/2/2017 20:00,2017,2,28,20:00,â¡,7.3,,3.7,,78,,9,,9,,16.1,,99.99,,,,,,Rain
28/2/2017 21:00,2017,2,28,21:00,â¡,10,,5.4,,73,,,M,4,,16.1,,99.98,,,,,,Rain
28/2/2017 22:00,2017,2,28,22:00,â¡,6.4,,4.4,,87,,5,,9,,16.1,,99.83,,,,,,NA
28/2/2017 23:00,2017,2,28,23:00,â¡,6.8,,5.6,,92,,9,,13,,16.1,,99.73,,,,,,NA